username,original_link,tweet_id,retweets,impressions,day,link,date,stance,notes
DrJBhattacharya,,1431768811590520833,749,0,2021-08-29 00:01:00+00:00,https://twitter.com/DrJBhattacharya/status/1431768811590520833,2021-08-29,misleading,not relevant
DrJBhattacharya,,1589475548883222529,1078,0,2022-11-07 04:31:16+00:00,https://twitter.com/DrJBhattacharya/status/1589475548883222529,2022-11-07,misleading,not relevant
carlheneghan,https://www.cochranelibrary.com/cdsr/doi/10.1002/14651858.CD006207.pub6/full,1620175395516743682,338,486049,2023-01-30 21:41:30+00:00,https://twitter.com/carlheneghan/status/1620175395516743682,2023-01-30,misleading,
BallouxFrancois,https://www.cochranelibrary.com/cdsr/doi/10.1002/14651858.CD006207.pub6/full,1620265902133633025,778,721324,2023-01-31 03:41:08+00:00,https://twitter.com/BallouxFrancois/status/1620265902133633025,2023-01-31,misleading,
CochraneLibrary,https://www.cochranelibrary.com/cdsr/doi/10.1002/14651858.CD006207.pub6/full,1620403272778489856,277,133256,2023-01-31 12:47:00+00:00,https://twitter.com/CochraneLibrary/status/1620403272778489856,2023-01-31,neutral,
DrAseemMalhotra,https://www.cochranelibrary.com/cdsr/doi/10.1002/14651858.CD006207.pub6/full,1620334518757629955,469,162353,2023-01-31 08:13:48+00:00,https://twitter.com/DrAseemMalhotra/status/1620334518757629955,2023-01-31,misleading,
DrEliDavid,https://www.cochranelibrary.com/cdsr/doi/10.1002/14651858.CD006207.pub6/full,1620434758290522112,1758,326940,2023-01-31 14:52:07+00:00,https://twitter.com/DrEliDavid/status/1620434758290522112,2023-01-31,misleading,
goddeketal,https://www.cochranelibrary.com/cdsr/doi/10.1002/14651858.CD006207.pub6/full,1620245228602167299,5907,994368,2023-01-31 02:18:59+00:00,https://twitter.com/goddeketal/status/1620245228602167299,2023-01-31,misleading,
healthbyjames,,1620248737783365637,603,59475,2023-01-31 02:32:56+00:00,https://twitter.com/healthbyjames/status/1620248737783365637,2023-01-31,misleading,
healthbyjames,https://www.cochranelibrary.com/cdsr/doi/10.1002/14651858.CD006207.pub6/full,1620414306109227009,2641,329527,2023-01-31 13:30:51+00:00,https://twitter.com/healthbyjames/status/1620414306109227009,2023-01-31,misleading,
holmenkollin,https://www.cochranelibrary.com/cdsr/doi/10.1002/14651858.CD006207.pub6/full,1620237967326609411,1633,271726,2023-01-31 01:50:08+00:00,https://twitter.com/holmenkollin/status/1620237967326609411,2023-01-31,misleading,
john_bumblebee,https://www.cochranelibrary.com/cdsr/doi/10.1002/14651858.CD006207.pub6/full,1620325702141894659,235,33066,2023-01-31 07:38:46+00:00,https://twitter.com/john_bumblebee/status/1620325702141894659,2023-01-31,misleading, 
stohr_klaus,https://www.cochranelibrary.com/cdsr/doi/10.1002/14651858.CD006207.pub6/full,1620523438682288128,678,82581,2023-01-31 20:44:30+00:00,https://twitter.com/stohr_klaus/status/1620523438682288128,2023-01-31,misleading,
taipan168,,1620225909981851649,462,306092,2023-01-31 01:02:13+00:00,https://twitter.com/taipan168/status/1620225909981851649,2023-01-31,misleading,
Awakend_Citizen,https://www.cochranelibrary.com/cdsr/doi/10.1002/14651858.CD006207.pub6/full,1620651974147592197,322,91571,2023-02-01 05:15:15+00:00,https://twitter.com/Awakend_Citizen/status/1620651974147592197,2023-02-01,misleading,
MNHR_Labo,https://www.cochranelibrary.com/cdsr/doi/10.1002/14651858.CD006207.pub6/full,1620716473823170562,5480,1399622,2023-02-01 09:31:33+00:00,https://twitter.com/MNHR_Labo/status/1620716473823170562,2023-02-01,misleading,
NBCMontana,https://nbcmontana.com/news/nation-world/study-finds-mask-wearing-likely-makes-little-or-no-difference-regarding-flu-transmission-covid-coronavirus-masking-mandate-health-respiratory-virus,1620886078352670720,451,66413,2023-02-01 20:45:30+00:00,https://twitter.com/NBCMontana/status/1620886078352670720,2023-02-01,misleading,
PrisonPlanet,https://www.zerohedge.com/political/massive-mask-study-shows-little-no-difference-preventing-covid-flu-infection,1620926136875364359,227,53102,2023-02-01 23:24:41+00:00,https://twitter.com/PrisonPlanet/status/1620926136875364359,2023-02-01,misleading,
RWMaloneMD,https://www.cochranelibrary.com/cdsr/doi/10.1002/14651858.CD006207.pub6/full,1620833978164060162,2221,339824,2023-02-01 17:18:28+00:00,https://twitter.com/RWMaloneMD/status/1620833978164060162,2023-02-01,misleading,
deepakdeepak,https://www.cochranelibrary.com/cdsr/doi/10.1002/14651858.CD006207.pub6/full,1620693994505400321,319,51853,2023-02-01 08:02:13+00:00,https://twitter.com/deepakdeepak/status/1620693994505400321,2023-02-01,misleading,
dramayraoficial,https://www.cochranelibrary.com/cdsr/doi/10.1002/14651858.CD006207.pub6/full,1620849270034427904,331,34262,2023-02-01 18:19:14+00:00,https://twitter.com/dramayraoficial/status/1620849270034427904,2023-02-01,misleading,
georgrestle,https://www.cochranelibrary.com/cdsr/doi/10.1002/14651858.CD006207.pub6/full,1620786268073496576,610,471321,2023-02-01 14:08:53+00:00,https://twitter.com/georgrestle/status/1620786268073496576,2023-02-01,nuanced_accurate,
zerohedge,https://www.zerohedge.com/political/massive-mask-study-shows-little-no-difference-preventing-covid-flu-infection,1620916187432452096,378,118583,2023-02-01 22:45:08+00:00,https://twitter.com/zerohedge/status/1620916187432452096,2023-02-01,misleading,
0waki,https://www.cochranelibrary.com/cdsr/doi/10.1002/14651858.CD006207.pub6/full,1621125660700971008,511,146123,2023-02-02 12:37:31+00:00,https://twitter.com/0waki/status/1621125660700971008,2023-02-02,misleading,
BjornLomborg,https://www.cochranelibrary.com/cdsr/doi/10.1002/14651858.CD006207.pub6/full,1621165555486187523,288,70444,2023-02-02 15:16:02+00:00,https://twitter.com/BjornLomborg/status/1621165555486187523,2023-02-02,misleading,
BretWeinstein,https://www.zerohedge.com/political/massive-mask-study-shows-little-no-difference-preventing-covid-flu-infection,1621202578267865090,476,402210,2023-02-02 17:43:09+00:00,https://twitter.com/BretWeinstein/status/1621202578267865090,2023-02-02,misleading,
ChanceGardi,https://www.zerohedge.com/political/massive-mask-study-shows-little-no-difference-preventing-covid-flu-infection,1621109443902537729,201,8896,2023-02-02 11:33:04+00:00,https://twitter.com/ChanceGardi/status/1621109443902537729,2023-02-02,misleading,
DC_Draino,https://www.zerohedge.com/political/massive-mask-study-shows-little-no-difference-preventing-covid-flu-infection,1621230914700181506,2771,168483,2023-02-02 19:35:45+00:00,https://twitter.com/DC_Draino/status/1621230914700181506,2023-02-02,misleading,
GregoryPamart,https://www.cochranelibrary.com/cdsr/doi/10.1002/14651858.CD006207.pub6/full,1621056463019053057,228,14438,2023-02-02 08:02:33+00:00,https://twitter.com/GregoryPamart/status/1621056463019053057,2023-02-02,misleading,
JeanneNoble18,https://www.cochranelibrary.com/cdsr/doi/10.1002/14651858.CD006207.pub6/full,1621180275551272961,225,67861,2023-02-02 16:14:32+00:00,https://twitter.com/JeanneNoble18/status/1621180275551272961,2023-02-02,misleading,
MailOnline,https://www.dailymail.co.uk/health/article-11702865/Masks-make-little-no-difference-Covid-infections-massive-cross-country-meta-analysis-finds.html,1621229228397150208,449,155821,2023-02-02 19:29:03+00:00,https://twitter.com/MailOnline/status/1621229228397150208,2023-02-02,misleading,
MichaelPSenger,https://www.zerohedge.com/political/massive-mask-study-shows-little-no-difference-preventing-covid-flu-infection,1620992293565259776,7962,1073692,2023-02-02 03:47:34+00:00,https://twitter.com/MichaelPSenger/status/1620992293565259776,2023-02-02,misleading,
TheChiefNerd,https://mynbc15.com/news/nation-world/study-finds-mask-wearing-likely-makes-little-or-no-difference-regarding-flu-transmission-covid-coronavirus-masking-mandate-health-respiratory-virus,1621280317553217537,633,60281,2023-02-02 22:52:04+00:00,https://twitter.com/TheChiefNerd/status/1621280317553217537,2023-02-02,misleading,
mynbc15,https://mynbc15.com/news/nation-world/study-finds-mask-wearing-likely-makes-little-or-no-difference-regarding-flu-transmission-covid-coronavirus-masking-mandate-health-respiratory-virus,1621122258931691520,2368,472946,2023-02-02 12:24:00+00:00,https://twitter.com/mynbc15/status/1621122258931691520,2023-02-02,misleading,
DrScheuch,https://www.tagesschau.de/faktenfinder/corona-studie-masken-101.html,1621550458094460929,424,77922,2023-02-03 16:45:30+00:00,https://twitter.com/DrScheuch/status/1621550458094460929,2023-02-03,neutral,
LozzaFox,https://www.dailymail.co.uk/health/article-11702865/Masks-make-little-no-difference-Covid-infections-massive-cross-country-meta-analysis-finds.html,1621513122971525120,248,58719,2023-02-03 14:17:09+00:00,https://twitter.com/LozzaFox/status/1621513122971525120,2023-02-03,misleading,
strauss_matt,https://www.cochranelibrary.com/cdsr/doi/10.1002/14651858.CD006207.pub6/full,1621555085711970305,692,127023,2023-02-03 17:03:54+00:00,https://twitter.com/strauss_matt/status/1621555085711970305,2023-02-03,misleading,
tomdabassman,https://www.berliner-zeitung.de/news/corona-masken-nutzlos-bringen-nichts-cochrane-studie-oft-falsch-interpretiert-li.313781,1621405875003867137,190,39707,2023-02-03 07:10:59+00:00,https://twitter.com/tomdabassman/status/1621405875003867137,2023-02-03,nuanced_accurate,
CKellyUAP,https://www.zerohedge.com/political/massive-mask-study-shows-little-no-difference-preventing-covid-flu-infection,1622012506175844352,923,89318,2023-02-04 23:21:31+00:00,https://twitter.com/CKellyUAP/status/1622012506175844352,2023-02-04,misleading,
ChanasitJonas,https://www.fr.de/wissen/wirkungslos-corona-studie-ueberrascht-masken-maskenpflicht-waren-92062735.html,1621854404998582272,661,181652,2023-02-04 12:53:17+00:00,https://twitter.com/ChanasitJonas/status/1621854404998582272,2023-02-04,misleading,
JenniferNuzzo,https://www.cochranelibrary.com/cdsr/doi/10.1002/14651858.CD006207.pub6/full,1621881097452666883,369,923420,2023-02-04 14:39:21+00:00,https://twitter.com/JenniferNuzzo/status/1621881097452666883,2023-02-04,nuanced_accurate,
KanAugust,https://www.cochranelibrary.com/cdsr/doi/10.1002/14651858.CD006207.pub6/full,1621746052196962304,303,139575,2023-02-04 05:42:44+00:00,https://twitter.com/KanAugust/status/1621746052196962304,2023-02-04,misleading,
ChristinaPushaw,,1622253997238140928,219,84731,2023-02-05 15:21:07+00:00,https://twitter.com/ChristinaPushaw/status/1622253997238140928,2023-02-05,misleading,
MZHemingway,,1622311620994023425,419,54741,2023-02-05 19:10:06+00:00,https://twitter.com/MZHemingway/status/1622311620994023425,2023-02-05,misleading,
MaryanneDemasi,,1622215739284557826,636,754915,2023-02-05 12:49:06+00:00,https://twitter.com/MaryanneDemasi/status/1622215739284557826,2023-02-05,misleading,
justin_hart,,1622090687150985216,1013,235878,2023-02-05 04:32:11+00:00,https://twitter.com/justin_hart/status/1622090687150985216,2023-02-05,misleading,
DFisman,https://theconversation.com/yes-masks-reduce-the-risk-of-spreading-covid-despite-a-review-saying-they-dont-198992,1622690337897713664,405,474051,2023-02-06 20:14:59+00:00,https://twitter.com/DFisman/status/1622690337897713664,2023-02-06,nuanced_accurate,
DrJBhattacharya,https://freebeacon.com/coronavirus/this-study-could-be-scientific-nail-in-the-coffin-for-masks/,1622655669030748160,1507,308328,2023-02-06 17:57:13+00:00,https://twitter.com/DrJBhattacharya/status/1622655669030748160,2023-02-06,misleading,
Globalbiosec,https://theconversation.com/yes-masks-reduce-the-risk-of-spreading-covid-despite-a-review-saying-they-dont-198992,1622676327324336128,694,158310,2023-02-06 19:19:18+00:00,https://twitter.com/Globalbiosec/status/1622676327324336128,2023-02-06,nuanced_accurate,
Globalbiosec,https://theconversation.com/yes-masks-reduce-the-risk-of-spreading-covid-despite-a-review-saying-they-dont-198992,1622722684273688581,216,47768,2023-02-06 22:23:31+00:00,https://twitter.com/Globalbiosec/status/1622722684273688581,2023-02-06,nuanced_accurate,
aaronsibarium,https://freebeacon.com/coronavirus/this-study-could-be-scientific-nail-in-the-coffin-for-masks/,1622621811799121920,6902,1020644,2023-02-06 15:42:41+00:00,https://twitter.com/aaronsibarium/status/1622621811799121920,2023-02-06,misleading,
trishgreenhalgh,https://theconversation.com/yes-masks-reduce-the-risk-of-spreading-covid-despite-a-review-saying-they-dont-198992,1622673877150187520,345,214079,2023-02-06 19:09:34+00:00,https://twitter.com/trishgreenhalgh/status/1622673877150187520,2023-02-06,nuanced_accurate,
Globalbiosec,https://theconversation.com/yes-masks-reduce-the-risk-of-spreading-covid-despite-a-review-saying-they-dont-198992,1622798343192862721,250,30521,2023-02-07 03:24:09+00:00,https://twitter.com/Globalbiosec/status/1622798343192862721,2023-02-07,nuanced_accurate,
RandPaul,https://freebeacon.com/coronavirus/this-study-could-be-scientific-nail-in-the-coffin-for-masks/,1623050330517766144,1466,250368,2023-02-07 20:05:28+00:00,https://twitter.com/RandPaul/status/1623050330517766144,2023-02-07,misleading,
ToshiAkima,https://theconversation.com/yes-masks-reduce-the-risk-of-spreading-covid-despite-a-review-saying-they-dont-198992,1622827992845266944,452,306108,2023-02-07 05:21:58+00:00,https://twitter.com/ToshiAkima/status/1622827992845266944,2023-02-07,nuanced_accurate,
healthbyjames,https://reason.com/2023/02/07/masks-covid-dont-work-cochrane-library-review-mandate/,1623017549213405188,1370,71688,2023-02-07 17:55:12+00:00,https://twitter.com/healthbyjames/status/1623017549213405188,2023-02-07,misleading,
naika_hashikure,https://www.cochranelibrary.com/cdsr/doi/10.1002/14651858.CD006207.pub6/full,1622979360209920001,343,67504,2023-02-07 15:23:27+00:00,https://twitter.com/naika_hashikure/status/1622979360209920001,2023-02-07,misleading,
robbysoave,https://reason.com/2023/02/07/masks-covid-dont-work-cochrane-library-review-mandate/,1623085018598805506,393,60366,2023-02-07 22:23:18+00:00,https://twitter.com/robbysoave/status/1623085018598805506,2023-02-07,misleading,
thackerpd,,1623037014861053953,502,100941,2023-02-07 19:12:33+00:00,https://twitter.com/thackerpd/status/1623037014861053953,2023-02-07,misleading,
JenniferSey,,1624139246402474018,2805,388403,2023-02-10 20:12:26+00:00,https://twitter.com/JenniferSey/status/1624139246402474018,2023-02-10,misleading,
MichaelPSenger,https://chicago.suntimes.com/columnists/2023/2/8/23591132/cdc-exaggerated-evidence-supporting-mask-mandates-column-jacob-sullum,1624082006635339777,361,42940,2023-02-10 16:24:59+00:00,https://twitter.com/MichaelPSenger/status/1624082006635339777,2023-02-10,misleading,
RandPaul,https://reason.com/2023/02/08/a-scientific-review-shows-the-cdc-grossly-exaggerated-the-evidence-supporting-mask-mandates/,1623872271776358402,1525,237941,2023-02-10 02:31:34+00:00,https://twitter.com/RandPaul/status/1623872271776358402,2023-02-10,misleading,
guypbenson,https://chicago.suntimes.com/columnists/2023/2/8/23591132/cdc-exaggerated-evidence-supporting-mask-mandates-column-jacob-sullum,1624061935900672002,530,261443,2023-02-10 15:05:13+00:00,https://twitter.com/guypbenson/status/1624061935900672002,2023-02-10,misleading,
tatiann69922625,https://www.cochranelibrary.com/cdsr/doi/10.1002/14651858.CD006207.pub6/full,1623989316719370242,285,15510,2023-02-10 10:16:40+00:00,https://twitter.com/tatiann69922625/status/1623989316719370242,2023-02-10,misleading,
MichaelPSenger,,1624223551120375809,1597,365819,2023-02-11 01:47:25+00:00,https://twitter.com/MichaelPSenger/status/1624223551120375809,2023-02-11,misleading,
TiceRichard,,1624531944917848064,595,112063,2023-02-11 22:12:52+00:00,https://twitter.com/TiceRichard/status/1624531944917848064,2023-02-11,misleading,
TRyanGregory,https://www.tvo.org/article/once-and-for-all-masks-reduce-the-risk-of-spreading-covid,1624750842166362115,406,49688,2023-02-12 12:42:41+00:00,https://twitter.com/TRyanGregory/status/1624750842166362115,2023-02-12,misleading,
jhmdrei,,1624558909850816512,653,49174,2023-02-12 00:00:01+00:00,https://twitter.com/jhmdrei/status/1624558909850816512,2023-02-12,misleading,
IngrahamAngle,https://chicago.suntimes.com/columnists/2023/2/8/23591132/cdc-exaggerated-evidence-supporting-mask-mandates-column-jacob-sullum,1625006721251872768,499,104279,2023-02-13 05:39:28+00:00,https://twitter.com/IngrahamAngle/status/1625006721251872768,2023-02-13,misleading,
MichaelPSenger,https://slate.com/technology/2023/02/masks-effectiveness-cochrane-review.html,1625271126493646848,250,62916,2023-02-13 23:10:07+00:00,https://twitter.com/MichaelPSenger/status/1625271126493646848,2023-02-13,misleading,
MonicaGandhi9,,1625152019425300480,222,183151,2023-02-13 15:16:49+00:00,https://twitter.com/MonicaGandhi9/status/1625152019425300480,2023-02-13,neutral,???
FoxNews,https://www.foxnews.com/health/face-masks-difference-spread-covid-scientific-review,1625329008895197187,2316,850262,2023-02-14 03:00:07+00:00,https://twitter.com/FoxNews/status/1625329008895197187,2023-02-14,misleading,
MichaelPSenger,https://nypost.com/2023/02/14/face-masks-made-little-to-no-difference-in-preventing-covid-study/,1625556344635002881,296,39201,2023-02-14 18:03:28+00:00,https://twitter.com/MichaelPSenger/status/1625556344635002881,2023-02-14,misleading,
catturd2,https://www.foxnews.com/health/face-masks-difference-spread-covid-scientific-review,1625461123490217984,2423,249430,2023-02-14 11:45:06+00:00,https://twitter.com/catturd2/status/1625461123490217984,2023-02-14,misleading,
nypost,https://nypost.com/2023/02/14/face-masks-made-little-to-no-difference-in-preventing-covid-study/,1625525537471864834,263,171209,2023-02-14 16:01:03+00:00,https://twitter.com/nypost/status/1625525537471864834,2023-02-14,misleading,
seanhannity,https://hannity.com/media-room/following-the-science-new-study-finds-face-masks-made-little-to-no-difference/,1625551815222693900,353,92289,2023-02-14 17:45:28+00:00,https://twitter.com/seanhannity/status/1625551815222693900,2023-02-14,misleading,
DrEliDavid,https://www.cochranelibrary.com/cdsr/doi/10.1002/14651858.CD006207.pub6/full,1625918127648243714,1437,221436,2023-02-15 18:01:04+00:00,https://twitter.com/DrEliDavid/status/1625918127648243714,2023-02-15,misleading,
MichaelPSenger,,1626011959975104512,239,42533,2023-02-16 00:13:55+00:00,https://twitter.com/MichaelPSenger/status/1626011959975104512,2023-02-16,misleading,
DrSuneelDhand,https://www.thelancet.com/journals/lancet/article/PIIS0140-6736(22)02465-5/fulltext,1626541219491749891,563,45326,2023-02-17 11:17:01+00:00,https://twitter.com/DrSuneelDhand/status/1626541219491749891,2023-02-17,nuanced_accurate,
Globalbiosec,,1627091355657990146,219,46376,2023-02-18 23:43:03+00:00,https://twitter.com/Globalbiosec/status/1627091355657990146,2023-02-18,nuanced_accurate,
kevinnbass,,1626944235680464897,666,187844,2023-02-18 13:58:27+00:00,https://twitter.com/kevinnbass/status/1626944235680464897,2023-02-18,misleading,
nbreavington,,1626978936906305537,204,9431,2023-02-18 16:16:21+00:00,https://twitter.com/nbreavington/status/1626978936906305537,2023-02-18,misleading,
ToshiAkima,,1627184313593909248,404,230437,2023-02-19 05:52:26+00:00,https://twitter.com/ToshiAkima/status/1627184313593909248,2023-02-19,nuanced_accurate,
MartinKulldorff,https://www.city-journal.org/new-cochrane-study-on-masks-and-covid,1627669651931947009,508,96091,2023-02-20 14:01:00+00:00,https://twitter.com/MartinKulldorff/status/1627669651931947009,2023-02-20,misleading,
nbreavington,,1627698839799865347,232,9328,2023-02-20 15:56:59+00:00,https://twitter.com/nbreavington/status/1627698839799865347,2023-02-20,misleading,
Jikkyleaks,,1627851786144071680,193,25102,2023-02-21 02:04:44+00:00,https://twitter.com/Jikkyleaks/status/1627851786144071680,2023-02-21,misleading,
dagenmcdowell,https://www.dailymail.co.uk/health/article-11702865/Masks-make-little-no-difference-Covid-infections-massive-cross-country-meta-analysis-finds.html,1628049785486729216,215,85190,2023-02-21 15:11:31+00:00,https://twitter.com/dagenmcdowell/status/1628049785486729216,2023-02-21,misleading,
AaronSiriSG,https://www.nytimes.com/2023/02/21/opinion/do-mask-mandates-work.html,1628403978143731712,307,37718,2023-02-22 14:38:57+00:00,https://twitter.com/AaronSiriSG/status/1628403978143731712,2023-02-22,misleading,
BuckSexton,https://www.nytimes.com/2023/02/21/opinion/do-mask-mandates-work.html,1628245279622238209,780,202024,2023-02-22 04:08:20+00:00,https://twitter.com/BuckSexton/status/1628245279622238209,2023-02-22,misleading,
CaulfieldTim,,1628422163199057921,197,193182,2023-02-22 15:51:12+00:00,https://twitter.com/CaulfieldTim/status/1628422163199057921,2023-02-22,nuanced_accurate,
ClayTravis,https://www.nytimes.com/2023/02/21/opinion/do-mask-mandates-work.html,1628240475143520257,210,153562,2023-02-22 03:49:15+00:00,https://twitter.com/ClayTravis/status/1628240475143520257,2023-02-22,misleading,
JamesMelville,https://www.nytimes.com/2023/02/21/opinion/do-mask-mandates-work.html,1628538111331299329,190,48273,2023-02-22 23:31:57+00:00,https://twitter.com/JamesMelville/status/1628538111331299329,2023-02-22,misleading,
JoshWalkos,https://www.nytimes.com/2023/02/21/opinion/do-mask-mandates-work.html,1628214511248281602,271,43946,2023-02-22 02:06:04+00:00,https://twitter.com/JoshWalkos/status/1628214511248281602,2023-02-22,misleading,
KendraWrites,,1628441152964771840,191,119077,2023-02-22 17:06:40+00:00,https://twitter.com/KendraWrites/status/1628441152964771840,2023-02-22,misleading,
KevinBardosh,https://www.nytimes.com/2023/02/21/opinion/do-mask-mandates-work.html,1628194485984444417,320,175638,2023-02-22 00:46:30+00:00,https://twitter.com/KevinBardosh/status/1628194485984444417,2023-02-22,misleading,
KevinKileyCA,,1628191337110736896,345,30013,2023-02-22 00:33:59+00:00,https://twitter.com/KevinKileyCA/status/1628191337110736896,2023-02-22,misleading,
MichaelPSenger,https://www.nytimes.com/2023/02/21/opinion/do-mask-mandates-work.html,1628243406253355013,305,60451,2023-02-22 04:00:54+00:00,https://twitter.com/MichaelPSenger/status/1628243406253355013,2023-02-22,misleading,
RandPaul,https://www.nytimes.com/2023/02/21/opinion/do-mask-mandates-work.html,1628482055301484547,9816,1734477,2023-02-22 19:49:12+00:00,https://twitter.com/RandPaul/status/1628482055301484547,2023-02-22,misleading,
RobertKennedyJr,https://www.nytimes.com/2023/02/21/opinion/do-mask-mandates-work.html,1628403138750193667,6387,599335,2023-02-22 14:35:37+00:00,https://twitter.com/RobertKennedyJr/status/1628403138750193667,2023-02-22,misleading,
davidzweig,https://www.nytimes.com/2023/02/21/opinion/do-mask-mandates-work.html,1628265610839818240,471,385328,2023-02-22 05:29:07+00:00,https://twitter.com/davidzweig/status/1628265610839818240,2023-02-22,misleading,
drlucymcbride,https://www.nytimes.com/2023/02/21/opinion/do-mask-mandates-work.html,1628205731433402371,304,260834,2023-02-22 01:31:11+00:00,https://twitter.com/drlucymcbride/status/1628205731433402371,2023-02-22,misleading,
freddiesayers,https://www.nytimes.com/2023/02/21/opinion/do-mask-mandates-work.html,1628341440496431104,230,191381,2023-02-22 10:30:27+00:00,https://twitter.com/freddiesayers/status/1628341440496431104,2023-02-22,misleading,
holmenkollin,https://www.nytimes.com/2023/02/21/opinion/do-mask-mandates-work.html,1628360104331423744,404,35231,2023-02-22 11:44:36+00:00,https://twitter.com/holmenkollin/status/1628360104331423744,2023-02-22,misleading,
leandroruschel,https://www.nytimes.com/2023/02/21/opinion/do-mask-mandates-work.html,1628409539761430528,308,47533,2023-02-22 15:01:03+00:00,https://twitter.com/leandroruschel/status/1628409539761430528,2023-02-22,misleading,
patrickbetdavid,https://www.nytimes.com/2023/02/21/opinion/do-mask-mandates-work.html,1628422650904158210,190,130057,2023-02-22 15:53:09+00:00,https://twitter.com/patrickbetdavid/status/1628422650904158210,2023-02-22,misleading,
realmichaelseif,https://www.nytimes.com/2023/02/21/opinion/do-mask-mandates-work.html,1628252182020751362,515,112154,2023-02-22 04:35:46+00:00,https://twitter.com/realmichaelseif/status/1628252182020751362,2023-02-22,misleading,
robbystarbuck,https://www.nytimes.com/2023/02/21/opinion/do-mask-mandates-work.html,1628414781693562882,217,30515,2023-02-22 15:21:53+00:00,https://twitter.com/robbystarbuck/status/1628414781693562882,2023-02-22,misleading,
rupasubramanya,https://www.nytimes.com/2023/02/21/opinion/do-mask-mandates-work.html,1628212688848400385,237,23624,2023-02-22 01:58:50+00:00,https://twitter.com/rupasubramanya/status/1628212688848400385,2023-02-22,misleading,
ABridgen,https://www.nytimes.com/2023/02/21/opinion/do-mask-mandates-work.html,1628620395753443328,448,76507,2023-02-23 04:58:55+00:00,https://twitter.com/ABridgen/status/1628620395753443328,2023-02-23,misleading,
FLMIRONES,https://www.nytimes.com/2023/02/21/opinion/do-mask-mandates-work.html,1628681261253361664,274,11217,2023-02-23 09:00:46+00:00,https://twitter.com/FLMIRONES/status/1628681261253361664,2023-02-23,misleading,
MaximeBernier,https://www.nytimes.com/2023/02/21/opinion/do-mask-mandates-work.html,1628758764345036800,465,34562,2023-02-23 14:08:44+00:00,https://twitter.com/MaximeBernier/status/1628758764345036800,2023-02-23,misleading,
YasinAslanTrk1,https://www.nytimes.com/2023/02/21/opinion/do-mask-mandates-work.html,1628673739704438786,400,59784,2023-02-23 08:30:53+00:00,https://twitter.com/YasinAslanTrk1/status/1628673739704438786,2023-02-23,misleading,
gregggonsalves,https://www.buzzfeednews.com/article/katiecamero/do-face-mask-mandates-work-covid,1628896082771025922,218,53008,2023-02-23 23:14:24+00:00,https://twitter.com/gregggonsalves/status/1628896082771025922,2023-02-23,misleading,
MichaelPSenger,,1629194849986711552,296,139764,2023-02-24 19:01:35+00:00,https://twitter.com/MichaelPSenger/status/1629194849986711552,2023-02-24,misleading,
MeetJess,https://www.theguardian.com/commentisfree/2023/feb/27/dont-believe-those-who-claim-science-proves-masks-dont-work,1630251572314755073,937,73972,2023-02-27 17:00:38+00:00,https://twitter.com/MeetJess/status/1630251572314755073,2023-02-27,nuanced_accurate,
dobssi,,1630151099012247552,371,114988,2023-02-27 10:21:23+00:00,https://twitter.com/dobssi/status/1630151099012247552,2023-02-27,misleading,
luckytran,https://www.theguardian.com/commentisfree/2023/feb/27/dont-believe-those-who-claim-science-proves-masks-dont-work,1630267280138403852,1232,210880,2023-02-27 18:03:03+00:00,https://twitter.com/luckytran/status/1630267280138403852,2023-02-27,nuanced_accurate,
Kit_Yates_Maths,https://www.theguardian.com/commentisfree/2023/feb/27/dont-believe-those-who-claim-science-proves-masks-dont-work,1630489626132594689,253,37812,2023-02-28 08:46:34+00:00,https://twitter.com/Kit_Yates_Maths/status/1630489626132594689,2023-02-28,nuanced_accurate,
rosenbusch_,https://www.cicero.de/kultur/corona-christian-drosten-ethikrat-wissenschaft-lutge-teil-3,1630482491709505537,235,15058,2023-02-28 08:18:13+00:00,https://twitter.com/rosenbusch_/status/1630482491709505537,2023-02-28,misleading,
MaximeBernier,https://nationalpost.com/opinion/community-masking-was-never-going-to-work-against-covid,1631289690060980224,234,20607,2023-03-02 13:45:44+00:00,https://twitter.com/MaximeBernier/status/1631289690060980224,2023-03-02,misleading,
MichaelPSenger,https://www.telegraph.co.uk/news/2023/03/01/untruth-untruth-peddled-justify-great-lockdown-disaster/,1631354391797313536,296,36035,2023-03-02 18:02:50+00:00,https://twitter.com/MichaelPSenger/status/1631354391797313536,2023-03-02,misleading,
dockaurG,https://www.telegraph.co.uk/news/2023/03/01/untruth-untruth-peddled-justify-great-lockdown-disaster/,1631277603674890240,470,172682,2023-03-02 12:57:43+00:00,https://twitter.com/dockaurG/status/1631277603674890240,2023-03-02,misleading,
drmetinokucu,https://pubmed.ncbi.nlm.nih.gov/36715243/,1631602110696509441,227,57057,2023-03-03 10:27:11+00:00,https://twitter.com/drmetinokucu/status/1631602110696509441,2023-03-03,misleading,
1goodtern,https://www.washingtonpost.com/opinions/2023/03/03/face-masks-work-study/,1632073709178454016,192,34685,2023-03-04 17:41:09+00:00,https://twitter.com/1goodtern/status/1632073709178454016,2023-03-04,nuanced_accurate,
MartinKulldorff,https://thehill.com/opinion/healthcare/3882707-america-desperately-needs-a-bipartisan-pandemic-post-mortem/,1631846794698145792,210,73352,2023-03-04 02:39:28+00:00,https://twitter.com/MartinKulldorff/status/1631846794698145792,2023-03-04,misleading,
luckytran,https://www.washingtonpost.com/opinions/2023/03/03/face-masks-work-study/,1632063872189251590,489,62891,2023-03-04 17:02:04+00:00,https://twitter.com/luckytran/status/1632063872189251590,2023-03-04,nuanced_accurate,
PeterHotez,,1632342707766018055,900,237885,2023-03-05 11:30:03+00:00,https://twitter.com/PeterHotez/status/1632342707766018055,2023-03-05,nuanced_accurate,
CaulfieldTim,,1634214975110627330,642,446432,2023-03-10 15:29:46+00:00,https://twitter.com/CaulfieldTim/status/1634214975110627330,2023-03-10,nuanced_accurate,
CaulfieldTim,https://www.nytimes.com/2023/03/10/opinion/masks-work-cochrane-study.html,1634214973386928128,202,70358,2023-03-10 15:29:46+00:00,https://twitter.com/CaulfieldTim/status/1634214973386928128,2023-03-10,nuanced_accurate,
DaliaHasanMD,https://www.nytimes.com/2023/03/10/opinion/masks-work-cochrane-study.html,1634162015622111237,646,129395,2023-03-10 11:59:20+00:00,https://twitter.com/DaliaHasanMD/status/1634162015622111237,2023-03-10,nuanced_accurate,
Globalbiosec,https://www.cochrane.org/news/statement-physical-interventions-interrupt-or-reduce-spread-respiratory-viruses-review,1634301104791113728,512,154793,2023-03-10 21:12:01+00:00,https://twitter.com/Globalbiosec/status/1634301104791113728,2023-03-10,nuanced_accurate,
gregggonsalves,https://www.nytimes.com/2023/03/10/opinion/masks-work-cochrane-study.html,1634229928324640773,290,101552,2023-03-10 16:29:12+00:00,https://twitter.com/gregggonsalves/status/1634229928324640773,2023-03-10,nuanced_accurate,
luckytran,,1634237818473177088,231,40297,2023-03-10 17:00:33+00:00,https://twitter.com/luckytran/status/1634237818473177088,2023-03-10,nuanced_accurate,
zeynep,,1634161449529475072,3282,3534100,2023-03-10 11:57:05+00:00,https://twitter.com/zeynep/status/1634161449529475072,2023-03-10,nuanced_accurate,
EricTopol,https://www.nytimes.com/2023/03/10/opinion/masks-work-cochrane-study.html,1634639557131128832,361,182771,2023-03-11 19:36:55+00:00,https://twitter.com/EricTopol/status/1634639557131128832,2023-03-11,nuanced_accurate,
JoeNBC,,1634617053637115904,229,118396,2023-03-11 18:07:29+00:00,https://twitter.com/JoeNBC/status/1634617053637115904,2023-03-11,nuanced_accurate,
Rrenzokutai,https://www.cochrane.org/news/statement-physical-interventions-interrupt-or-reduce-spread-respiratory-viruses-review,1634431094346121217,364,60381,2023-03-11 05:48:33+00:00,https://twitter.com/Rrenzokutai/status/1634431094346121217,2023-03-11,nuanced_accurate,
jvipondmd,https://www.thestar.com/news/canada/2023/03/10/how-the-cochrane-review-went-wrong-report-questioning-covid-masks-blows-up-prompts-apology.html,1634397581903032320,199,118262,2023-03-11 03:35:23+00:00,https://twitter.com/jvipondmd/status/1634397581903032320,2023-03-11,nuanced_accurate,
morgfair,https://www.nytimes.com/2023/03/10/opinion/masks-work-cochrane-study.html,1634448572862332928,961,187570,2023-03-11 06:58:01+00:00,https://twitter.com/morgfair/status/1634448572862332928,2023-03-11,nuanced_accurate,
nishiurah,https://www.cochrane.org/news/statement-physical-interventions-interrupt-or-reduce-spread-respiratory-viruses-review,1634347517205975042,248,459314,2023-03-11 00:16:27+00:00,https://twitter.com/nishiurah/status/1634347517205975042,2023-03-11,nuanced_accurate,
tak53381102,https://www.nytimes.com/2023/03/10/opinion/masks-work-cochrane-study.html,1634394061892362240,639,355794,2023-03-11 03:21:24+00:00,https://twitter.com/tak53381102/status/1634394061892362240,2023-03-11,nuanced_accurate,
drpaulofaria22,https://www.thelancet.com/journals/lancet/article/PIIS0140-6736(22)02465-5/fulltext,1635039439176228865,403,9679,2023-03-12 22:05:54+00:00,https://twitter.com/drpaulofaria22/status/1635039439176228865,2023-03-12,misleading,
VPrasadMDMPH,,1636124577318440961,239,161056,2023-03-15 21:57:51+00:00,https://twitter.com/VPrasadMDMPH/status/1636124577318440961,2023-03-15,nuanced_accurate,
MIKITO_777,https://www.cochrane.org/news/statement-physical-interventions-interrupt-or-reduce-spread-respiratory-viruses-review,1636192743780397056,238,128879,2023-03-16 02:28:43+00:00,https://twitter.com/MIKITO_777/status/1636192743780397056,2023-03-16,nuanced_accurate,
koichi_kawakami,https://www.cochranelibrary.com/cdsr/doi/10.1002/14651858.CD006207.pub6/full,1636401782556594176,192,33616,2023-03-16 16:19:22+00:00,https://twitter.com/koichi_kawakami/status/1636401782556594176,2023-03-16,nuanced_accurate,
CartlandDavid,https://www.washingtontimes.com/news/2023/mar/1/vaccines-dont-work-masks-dont-work-everything-gove/,1637829873644314626,2229,328885,2023-03-20 14:54:05+00:00,https://twitter.com/CartlandDavid/status/1637829873644314626,2023-03-20,misleading,
DaAcervo,https://www.washingtontimes.com/news/2023/mar/1/vaccines-dont-work-masks-dont-work-everything-gove/,1637876025211101211,1095,42128,2023-03-20 17:57:29+00:00,https://twitter.com/DaAcervo/status/1637876025211101211,2023-03-20,misleading,
PiotrWitczak_,https://www.washingtontimes.com/news/2023/mar/1/vaccines-dont-work-masks-dont-work-everything-gove/,1637928804839563270,341,43615,2023-03-20 21:27:12+00:00,https://twitter.com/PiotrWitczak_/status/1637928804839563270,2023-03-20,misleading,
BlackBondPtv,https://www.washingtontimes.com/news/2023/mar/1/vaccines-dont-work-masks-dont-work-everything-gove/,1638928065995894784,199,4500,2023-03-23 15:37:55+00:00,https://twitter.com/BlackBondPtv/status/1638928065995894784,2023-03-23,misleading,
DrLoupis,https://www.washingtontimes.com/news/2023/mar/1/vaccines-dont-work-masks-dont-work-everything-gove/,1638964209311445001,11950,1729666,2023-03-23 18:01:32+00:00,https://twitter.com/DrLoupis/status/1638964209311445001,2023-03-23,misleading,
TonyHinton2016,https://www.washingtontimes.com/news/2023/mar/1/vaccines-dont-work-masks-dont-work-everything-gove/,1638971386189484037,293,13075,2023-03-23 18:30:03+00:00,https://twitter.com/TonyHinton2016/status/1638971386189484037,2023-03-23,misleading,
silvano_trotta,https://www.washingtontimes.com/news/2023/mar/1/vaccines-dont-work-masks-dont-work-everything-gove/,1638961418203459586,1087,46940,2023-03-23 17:50:27+00:00,https://twitter.com/silvano_trotta/status/1638961418203459586,2023-03-23,misleading,
v_joron,https://www.washingtontimes.com/news/2023/mar/1/vaccines-dont-work-masks-dont-work-everything-gove/,1638998449327689738,1020,28446,2023-03-23 20:17:36+00:00,https://twitter.com/v_joron/status/1638998449327689738,2023-03-23,misleading,
FatEmperor,https://www.washingtontimes.com/news/2023/mar/1/vaccines-dont-work-masks-dont-work-everything-gove/,1639214155675713536,538,53943,2023-03-24 10:34:44+00:00,https://twitter.com/FatEmperor/status/1639214155675713536,2023-03-24,misleading,
kevinnbass,,1640200419984166914,320,44079,2023-03-27 03:53:48+00:00,https://twitter.com/kevinnbass/status/1640200419984166914,2023-03-27,misleading,
zerohedge,https://www.zerohedge.com/covid-19/sweden-did-exceptionally-well-during-covid-19-pandemic,1641727086577569792,221,194399,2023-03-31 09:00:13+00:00,https://twitter.com/zerohedge/status/1641727086577569792,2023-03-31,misleading,
0waki,https://vinayprasadmdmph.substack.com/p/wide-confidence-intervals-means-an,1622794357383520256,245,51029,2023-02-07 03:08:19+00:00,https://twitter.com/0waki/status/1622794357383520256,2023-02-07,misleading,
ArmandGirbes,https://www.artsenauto.nl/de-schijnwereld-van-mondkapjes-en-dergelijke/,1624093780340092928,124,43784,2023-02-10 17:11:46+00:00,https://twitter.com/ArmandGirbes/status/1624093780340092928,2023-02-10,,?
BILD,https://www.bild.de/bild-plus/politik/inland/politik-inland/globale-studie-schockt-forscher-maskenpflicht-half-wenig-gegen-corona-82753008.bild.html,1620902115580289024,149,62596,2023-02-01 21:49:13+00:00,https://twitter.com/BILD/status/1620902115580289024,2023-02-01,misleading,
BR24,"https://www.br.de/nachrichten/wissen/cochrane-entschuldigt-sich-fuer-missverstaendliche-masken-studie,TYOPT19",1635608210856980480,86,50696,2023-03-14 11:46:00+00:00,https://twitter.com/BR24/status/1635608210856980480,2023-03-14,nuanced_accurate,
Bigbird32392741,https://www.zerohedge.com/political/massive-mask-study-shows-little-no-difference-preventing-covid-flu-infection,1621120711803940864,92,3213,2023-02-02 12:17:51+00:00,https://twitter.com/Bigbird32392741/status/1621120711803940864,2023-02-02,misleading,
BlakeMMurdoch,https://www.nytimes.com/2023/03/10/opinion/masks-work-cochrane-study.html,1634234808665796608,143,37208,2023-03-10 16:48:35+00:00,https://twitter.com/BlakeMMurdoch/status/1634234808665796608,2023-03-10,nuanced_accurate,
BlakesWort,https://www.cochrane.org/news/statement-physical-interventions-interrupt-or-reduce-spread-respiratory-viruses-review,1634432573924409348,130,51233,2023-03-11 05:54:26+00:00,https://twitter.com/BlakesWort/status/1634432573924409348,2023-03-11,nuanced_accurate,
BuckSexton,,1633469310290079744,158,42690,2023-03-08 14:06:46+00:00,https://twitter.com/BuckSexton/status/1633469310290079744,2023-03-08,misleading,
CPita3,,1622332886467633159,98,41690,2023-02-05 20:34:36+00:00,https://twitter.com/CPita3/status/1622332886467633159,2023-02-05,nuanced_accurate,
CaulfieldTim,https://www.buzzfeednews.com/article/katiecamero/do-face-mask-mandates-work-covid,1629538410942828544,132,37622,2023-02-25 17:46:47+00:00,https://twitter.com/CaulfieldTim/status/1629538410942828544,2023-02-25,nuanced_accurate,citation
CaulfieldTim,https://www.latimes.com/business/story/2023-02-24/covid-deniers-celebrate-a-study-that-claims-mask-mandates-dont-work-but-the-study-says-the-opposite,1629128983588802560,187,50951,2023-02-24 14:39:52+00:00,https://twitter.com/CaulfieldTim/status/1629128983588802560,2023-02-24,nuanced_accurate,citation
CaulfieldTim,https://www.theguardian.com/commentisfree/2023/feb/27/dont-believe-those-who-claim-science-proves-masks-dont-work,1630335652670889984,98,46975,2023-02-27 22:34:44+00:00,https://twitter.com/CaulfieldTim/status/1630335652670889984,2023-02-27,nuanced_accurate,citation
ChristinaBerndt,https://www.cochrane.org/news/statement-physical-interventions-interrupt-or-reduce-spread-respiratory-viruses-review,1635604041773219842,183,319731,2023-03-14 11:29:26+00:00,https://twitter.com/ChristinaBerndt/status/1635604041773219842,2023-03-14,nuanced_accurate,
ConversationEDU,https://theconversation.com/yes-masks-reduce-the-risk-of-spreading-covid-despite-a-review-saying-they-dont-198992,1622780756413255681,95,41247,2023-02-07 02:14:16+00:00,https://twitter.com/ConversationEDU/status/1622780756413255681,2023-02-07,nuanced_accurate,
CorneliaBeeking,https://www.zeit.de/gesundheit/2023-03/coronavirus-cochrane-forschung-masken-wirksamkeit,1634445695183646720,106,6689,2023-03-11 06:46:34+00:00,https://twitter.com/CorneliaBeeking/status/1634445695183646720,2023-03-11,nuanced_accurate,
CurtisHebert,https://www.zerohedge.com/geopolitical/gaslighting-conspiracy-theories-already-proven-true-2023,1631691545593217024,168,4945,2023-03-03 16:22:34+00:00,https://twitter.com/CurtisHebert/status/1631691545593217024,2023-03-03,misleading,
DFisman,https://www.thestar.com/news/canada/2023/03/10/how-the-cochrane-review-went-wrong-report-questioning-covid-masks-blows-up-prompts-apology.html,1634569032476299264,101,19478,2023-03-11 14:56:40+00:00,https://twitter.com/DFisman/status/1634569032476299264,2023-03-11,nuanced_accurate,
DKThomp,https://www.theatlantic.com/newsletters/archive/2023/03/covid-lab-leak-mask-mandates-science-media-information/673263/,1631650274895880192,86,202004,2023-03-03 13:38:34+00:00,https://twitter.com/DKThomp/status/1631650274895880192,2023-03-03,nuanced_accurate,
Denachtzuster1,https://www.cochranelibrary.com/cdsr/doi/10.1002/14651858.CD006207.pub6/full,1620348484812689408,141,7013,2023-01-31 09:09:18+00:00,https://twitter.com/Denachtzuster1/status/1620348484812689408,2023-01-31,misleading,
Dover63A,https://stevekirsch.substack.com/p/the-debate-is-over-masks-do-not-work,1621161611187855360,189,5137,2023-02-02 15:00:22+00:00,https://twitter.com/Dover63A/status/1621161611187855360,2023-02-02,misleading,
DrJ56013122,https://relevantdata.substack.com/p/the-most-important-mask-studies-a,1592863406838931456,121,0,2022-11-16 12:53:24+00:00,https://twitter.com/DrJ56013122/status/1592863406838931456,2022-11-16,misleading,
DrJBhattacharya,https://michaelpsenger.substack.com/p/rochelle-walenskys-terrible-testimony,1626038408639565824,460,61691,2023-02-16 01:59:01+00:00,https://twitter.com/DrJBhattacharya/status/1626038408639565824,2023-02-16,misleading,
DrJBhattacharya,https://thehill.com/opinion/healthcare/3882707-america-desperately-needs-a-bipartisan-pandemic-post-mortem/,1631793948929736709,119,22583,2023-03-03 23:09:29+00:00,https://twitter.com/DrJBhattacharya/status/1631793948929736709,2023-03-03,misleading,
DrJBhattacharya,https://trusttheevidence.substack.com/p/the-mask-mire,1561715060442968064,449,0,2022-08-22 14:01:00+00:00,https://twitter.com/DrJBhattacharya/status/1561715060442968064,2022-08-22,misleading,
DrTomFrieden,https://www.vox.com/future-perfect/2023/2/22/23609499/masks-covid-coronavirus-cochrane-review-pandemic-science-studies-infection,1628834448702595072,154,43988,2023-02-23 19:09:29+00:00,https://twitter.com/DrTomFrieden/status/1628834448702595072,2023-02-23,nuanced_accurate,
DrTomFrieden,https://yourlocalepidemiologist.substack.com/p/do-masks-work,1628834443183128576,148,55578,2023-02-23 19:09:28+00:00,https://twitter.com/DrTomFrieden/status/1628834443183128576,2023-02-23,nuanced_accurate,
EricRWeinstein,https://www.nytimes.com/2023/02/21/opinion/do-mask-mandates-work.html,1628445554819702784,103,198848,2023-02-22 17:24:09+00:00,https://twitter.com/EricRWeinstein/status/1628445554819702784,2023-02-22,misleading,
Finanzas_Times,https://www.washingtontimes.com/news/2023/mar/1/vaccines-dont-work-masks-dont-work-everything-gove/,1639029408798261248,160,18723,2023-03-23 22:20:37+00:00,https://twitter.com/Finanzas_Times/status/1639029408798261248,2023-03-23,misleading,
Fuchslocher1978,https://www.nytimes.com/2023/02/21/opinion/do-mask-mandates-work.html,1628446717212237824,165,7929,2023-02-22 17:28:47+00:00,https://twitter.com/Fuchslocher1978/status/1628446717212237824,2023-02-22,misleading,
GYamey,,1634241643636244482,127,63088,2023-03-10 17:15:45+00:00,https://twitter.com/GYamey/status/1634241643636244482,2023-03-10,nuanced_accurate,
Globalbiosec,,1628862478531858432,125,16155,2023-02-23 21:00:52+00:00,https://twitter.com/Globalbiosec/status/1628862478531858432,2023-02-23,nuanced_accurate,
Globalbiosec,https://theconversation.com/yes-masks-reduce-the-risk-of-spreading-covid-despite-a-review-saying-they-dont-198992,1622722049645871111,85,43072,2023-02-06 22:21:00+00:00,https://twitter.com/Globalbiosec/status/1622722049645871111,2023-02-06,nuanced_accurate,
ID_ethics,https://www.cochranelibrary.com/cdsr/doi/10.1002/14651858.CD006207.pub6/full,1620227089885716480,148,67932,2023-01-31 01:06:55+00:00,https://twitter.com/ID_ethics/status/1620227089885716480,2023-01-31,misleading,
IMX_Immutable,https://chicago.suntimes.com/columnists/2023/2/8/23591132/cdc-exaggerated-evidence-supporting-mask-mandates-column-jacob-sullum,1623782821192933379,98,20493,2023-02-09 20:36:07+00:00,https://twitter.com/IMX_Immutable/status/1623782821192933379,2023-02-09,misleading,
JSchmitzLeipzig,https://www.zeit.de/gesundheit/2023-03/coronavirus-cochrane-forschung-masken-wirksamkeit,1634289789942878223,176,42738,2023-03-10 20:27:04+00:00,https://twitter.com/JSchmitzLeipzig/status/1634289789942878223,2023-03-10,nuanced_accurate,
JaSimmank,https://www.zeit.de/gesundheit/2023-03/coronavirus-cochrane-forschung-masken-wirksamkeit,1634262580611915798,119,209430,2023-03-10 18:38:57+00:00,https://twitter.com/JaSimmank/status/1634262580611915798,2023-03-10,nuanced_accurate,
JamesFLoveIV,https://www.rawstory.com/disinformation-the-underreported-scandal-at-the-new-york-times/,1636538819770974213,96,5199,2023-03-17 01:23:54+00:00,https://twitter.com/JamesFLoveIV/status/1636538819770974213,2023-03-17,nuanced_accurate,
JamieSale,https://disinformationchronicle.substack.com/p/researchers-find-no-evidence-again,1623707015565705219,158,15157,2023-02-09 15:34:54+00:00,https://twitter.com/JamieSale/status/1623707015565705219,2023-02-09,misleading,
JanJekielek,,1627777254611894272,132,35557,2023-02-20 21:08:34+00:00,https://twitter.com/JanJekielek/status/1627777254611894272,2023-02-20,misleading,
JeninYounesEsq,,1629164233089859584,147,93515,2023-02-24 16:59:56+00:00,https://twitter.com/JeninYounesEsq/status/1629164233089859584,2023-02-24,misleading,
JeninYounesEsq,https://michaelpsenger.substack.com/p/how-zeynep-tufekci-and-jeremy-howard,1640004536809947137,130,27144,2023-03-26 14:55:26+00:00,https://twitter.com/JeninYounesEsq/status/1640004536809947137,2023-03-26,misleading,
JenniferSey,https://www.nytimes.com/2023/02/21/opinion/do-mask-mandates-work.html,1628215114645098497,95,20261,2023-02-22 02:08:28+00:00,https://twitter.com/JenniferSey/status/1628215114645098497,2023-02-22,misleading,
JordanSchachtel,https://www.nytimes.com/2023/02/21/opinion/do-mask-mandates-work.html,1628233375717752832,95,28448,2023-02-22 03:21:02+00:00,https://twitter.com/JordanSchachtel/status/1628233375717752832,2023-02-22,misleading,
JuddLegum,https://www.nytimes.com/2023/03/10/opinion/masks-work-cochrane-study.html,1634231680603963406,92,20974,2023-03-10 16:36:09+00:00,https://twitter.com/JuddLegum/status/1634231680603963406,2023-03-10,misleading,
Junge_Freiheit,https://jungefreiheit.de/debatte/kommentar/2023/corona-aufarbeitung/,1624304534771183617,95,10782,2023-02-11 07:09:13+00:00,https://twitter.com/Junge_Freiheit/status/1624304534771183617,2023-02-11,misleading,
Junge_Freiheit,https://jungefreiheit.de/kultur/gesellschaft/2023/masken-schuetzen-nicht/,1620679767447191553,121,9450,2023-02-01 07:05:41+00:00,https://twitter.com/Junge_Freiheit/status/1620679767447191553,2023-02-01,misleading,
KanAugust,https://trusttheevidence.substack.com/p/escaping-from-social-and-other-media,1625675126279634944,91,12432,2023-02-15 01:55:28+00:00,https://twitter.com/KanAugust/status/1625675126279634944,2023-02-15,misleading,
KatiePavlich,https://www.nytimes.com/2023/02/21/opinion/do-mask-mandates-work.html,1628460692587139077,92,30468,2023-02-22 18:24:19+00:00,https://twitter.com/KatiePavlich/status/1628460692587139077,2023-02-22,misleading,
KelleyKga,,1636062732230225927,185,147128,2023-03-15 17:52:06+00:00,https://twitter.com/KelleyKga/status/1636062732230225927,2023-03-15,,not relevant
LaureGonlezamar,https://www.thelancet.com/journals/lancet/article/PIIS0140-6736(22)02465-5/fulltext,1626581754919419906,149,21753,2023-02-17 13:58:05+00:00,https://twitter.com/LaureGonlezamar/status/1626581754919419906,2023-02-17,,not relevant
LerouxArthur10,https://www.thelancet.com/journals/lancet/article/PIIS0140-6736(22)02465-5/fulltext,1626542942465802240,99,38162,2023-02-17 11:23:51+00:00,https://twitter.com/LerouxArthur10/status/1626542942465802240,2023-02-17,,not relevant
LizHighleyman,https://slate.com/technology/2023/02/masks-effectiveness-cochrane-review.html,1625193937853124608,148,490696,2023-02-13 18:03:24+00:00,https://twitter.com/LizHighleyman/status/1625193937853124608,2023-02-13,,
LukeJohnsonRCP,https://www.telegraph.co.uk/news/2023/03/01/untruth-untruth-peddled-justify-great-lockdown-disaster/,1631307913548447744,105,13811,2023-03-02 14:58:09+00:00,https://twitter.com/LukeJohnsonRCP/status/1631307913548447744,2023-03-02,misleading,
MIGUELA71643080,https://www.washingtontimes.com/news/2023/mar/1/vaccines-dont-work-masks-dont-work-everything-gove/,1637862387544907786,112,2658,2023-03-20 17:03:17+00:00,https://twitter.com/MIGUELA71643080/status/1637862387544907786,2023-03-20,misleading,
MTVUutiset,https://www.mtvuutiset.fi/artikkeli/kasvomaskeista-ei-ollutkaan-apua-koronan-leviamisen-ehkaisyssa-kertoo-tuore-selvitys/8635924,1626568297922830338,102,73607,2023-02-17 13:04:37+00:00,https://twitter.com/MTVUutiset/status/1626568297922830338,2023-02-17,misleading,
MackayIM,https://theconversation.com/yes-masks-reduce-the-risk-of-spreading-covid-despite-a-review-saying-they-dont-198992,1622917165417631744,88,18928,2023-02-07 11:16:19+00:00,https://twitter.com/MackayIM/status/1622917165417631744,2023-02-07,nuanced_accurate,
MakingC19Waves,https://www.cochranelibrary.com/cdsr/doi/10.1002/14651858.CD006207.pub6/full,1620374204406431744,102,19345,2023-01-31 10:51:30+00:00,https://twitter.com/MakingC19Waves/status/1620374204406431744,2023-01-31,misleading,
MartinKulldorff,https://sensiblemed.substack.com/p/cochrane-masking-review-reveals-how,1628473757470806018,331,61307,2023-02-22 19:16:14+00:00,https://twitter.com/MartinKulldorff/status/1628473757470806018,2023-02-22,misleading,
MaryanneDemasi,https://maryannedemasi.substack.com/p/breaking-did-cochrane-sacrifice-its,1635977257717235713,474,806399,2023-03-15 12:12:27+00:00,https://twitter.com/MaryanneDemasi/status/1635977257717235713,2023-03-15,misleading,
MeetJess,https://theconversation.com/yes-masks-reduce-the-risk-of-spreading-covid-despite-a-review-saying-they-dont-198992,1622774920806531074,110,6488,2023-02-07 01:51:05+00:00,https://twitter.com/MeetJess/status/1622774920806531074,2023-02-07,nuanced_accurate,
MeowMuhCow,https://www.cochranelibrary.com/cdsr/doi/10.1002/14651858.CD006207.pub6/full,1620328766370361345,169,8684,2023-01-31 07:50:56+00:00,https://twitter.com/MeowMuhCow/status/1620328766370361345,2023-01-31,misleading,
MichaelPSenger,,1627719668399239168,158,24500,2023-02-20 17:19:45+00:00,https://twitter.com/MichaelPSenger/status/1627719668399239168,2023-02-20,misleading,
MichaelPSenger,,1633150856928559104,101,13726,2023-03-07 17:01:21+00:00,https://twitter.com/MichaelPSenger/status/1633150856928559104,2023-03-07,misleading,
MichaelPSenger,,1636097931957899265,117,46914,2023-03-15 20:11:58+00:00,https://twitter.com/MichaelPSenger/status/1636097931957899265,2023-03-15,misleading,
MichaelPSenger,,1638967689061466112,173,17393,2023-03-23 18:15:22+00:00,https://twitter.com/MichaelPSenger/status/1638967689061466112,2023-03-23,misleading,
MichaelPSenger,https://www.city-journal.org/new-cochrane-study-on-masks-and-covid,1627051793493680130,150,27053,2023-02-18 21:05:51+00:00,https://twitter.com/MichaelPSenger/status/1627051793493680130,2023-02-18,misleading,
MichaelPSenger,https://www.city-journal.org/new-cochrane-study-on-masks-and-covid,1640052937669091328,115,16171,2023-03-26 18:07:45+00:00,https://twitter.com/MichaelPSenger/status/1640052937669091328,2023-03-26,misleading,
MichaelPSenger,https://www.city-journal.org/the-mask-of-ignorance,1638606902082031616,109,18658,2023-03-22 18:21:43+00:00,https://twitter.com/MichaelPSenger/status/1638606902082031616,2023-03-22,misleading,
MmeBlackBalloon,https://news.yahoo.com/parents-now-whether-covid-mask-233536286.html,1625870272472686592,170,50174,2023-02-15 14:50:54+00:00,https://twitter.com/MmeBlackBalloon/status/1625870272472686592,2023-02-15,misleading,
MothershipSG,https://mothership.sg/2023/03/migrant-workers-ramadan-basketball-court/,1640909893178916870,269,57379,2023-03-29 02:52:59+00:00,https://twitter.com/MothershipSG/status/1640909893178916870,2023-03-29,,not relevant
NBSaphierMD,https://www.thelancet.com/journals/lancet/article/PIIS0140-6736(22)02465-5/fulltext,1626610791637045252,105,15621,2023-02-17 15:53:28+00:00,https://twitter.com/NBSaphierMD/status/1626610791637045252,2023-02-17,,not relevant
NickHudsonCT,https://chriswaldburger.substack.com/p/ending-the-covid-debate-for-good,1638838302815170565,139,12688,2023-03-23 09:41:14+00:00,https://twitter.com/NickHudsonCT/status/1638838302815170565,2023-03-23,misleading,
NjbBari3,,1627105102950703104,105,47031,2023-02-19 00:37:41+00:00,https://twitter.com/NjbBari3/status/1627105102950703104,2023-02-19,nuanced_accurate,
NormOrnstein,https://www.tvo.org/article/once-and-for-all-masks-reduce-the-risk-of-spreading-covid,1628576739780591616,86,17701,2023-02-23 02:05:26+00:00,https://twitter.com/NormOrnstein/status/1628576739780591616,2023-02-23,nuanced_accurate,
OrdoMedicus,https://chriswaldburger.substack.com/p/ending-the-covid-debate-for-good,1639226426888011776,127,9746,2023-03-24 11:23:30+00:00,https://twitter.com/OrdoMedicus/status/1639226426888011776,2023-03-24,misleading,
PGtzsche1,https://maryannedemasi.substack.com/p/exclusive-lead-author-of-new-cochrane,1622482463640485888,94,14840,2023-02-06 06:28:58+00:00,https://twitter.com/PGtzsche1/status/1622482463640485888,2023-02-06,misleading,
P_McCulloughMD,https://disinformationchronicle.substack.com/p/researchers-find-no-evidence-again,1623210530008891393,714,74401,2023-02-08 06:42:02+00:00,https://twitter.com/P_McCulloughMD/status/1623210530008891393,2023-02-08,misleading,
P_McCulloughMD,https://petermcculloughmd.substack.com/p/drop-public-mask-mandates-without,1620487505786068993,113,27604,2023-01-31 18:21:43+00:00,https://twitter.com/P_McCulloughMD/status/1620487505786068993,2023-01-31,misleading,
P_McCulloughMD,https://petermcculloughmd.substack.com/p/drop-public-mask-mandates-without,1629475868417351683,240,84031,2023-02-25 13:38:15+00:00,https://twitter.com/P_McCulloughMD/status/1629475868417351683,2023-02-25,misleading,
P_McCulloughMD,https://petermcculloughmd.substack.com/p/drop-public-mask-mandates-without,1634919049175126016,112,64671,2023-03-12 14:07:31+00:00,https://twitter.com/P_McCulloughMD/status/1634919049175126016,2023-03-12,misleading,
P_McCulloughMD,https://www.cochranelibrary.com/cdsr/doi/10.1002/14651858.CD006207.pub6/full,1620470802536873984,114,30673,2023-01-31 17:15:20+00:00,https://twitter.com/P_McCulloughMD/status/1620470802536873984,2023-01-31,misleading,
PaulMitchell_AB,https://www.zerohedge.com/political/massive-mask-study-shows-little-no-difference-preventing-covid-flu-infection,1620974585649987585,87,4295,2023-02-02 02:37:12+00:00,https://twitter.com/PaulMitchell_AB/status/1620974585649987585,2023-02-02,misleading,
ProfPCDoherty,https://theconversation.com/yes-masks-reduce-the-risk-of-spreading-covid-despite-a-review-saying-they-dont-198992,1622701344619663360,163,81673,2023-02-06 20:58:43+00:00,https://twitter.com/ProfPCDoherty/status/1622701344619663360,2023-02-06,nuanced_accurate,
PvanHouwelingen,https://www.thelancet.com/journals/lancet/article/PIIS0140-6736(22)02465-5/fulltext,1627079310451544065,363,118972,2023-02-18 22:55:11+00:00,https://twitter.com/PvanHouwelingen/status/1627079310451544065,2023-02-18,,not relevant
RWMaloneMD,https://rwmalonemd.substack.com/p/the-2023-cochran-review-on-physical,1621255805264662529,645,90918,2023-02-02 21:14:40+00:00,https://twitter.com/RWMaloneMD/status/1621255805264662529,2023-02-02,misleading,
RafaelFontana,https://www.nytimes.com/2023/02/21/opinion/do-mask-mandates-work.html,1628802960502185989,137,7870,2023-02-23 17:04:22+00:00,https://twitter.com/RafaelFontana/status/1628802960502185989,2023-02-23,misleading,
RolandTichy,https://www.tichyseinblick.de/daili-es-sentials/cochrane-review-nutzen-masken-effekt-infektiongeschehen/,1620380470721785857,151,15589,2023-01-31 11:16:24+00:00,https://twitter.com/RolandTichy/status/1620380470721785857,2023-01-31,misleading,
Rstorechildhood,https://restorechildhood.substack.com/p/new-meta-analysis-should-end-discussion,1620988705896013824,88,16098,2023-02-02 03:33:18+00:00,https://twitter.com/Rstorechildhood/status/1620988705896013824,2023-02-02,misleading,
SaiyanBio,https://www.thelancet.com/journals/lancet/article/PIIS0140-6736(22)02465-5/fulltext,1627654270257430529,179,66297,2023-02-20 12:59:53+00:00,https://twitter.com/SaiyanBio/status/1627654270257430529,2023-02-20,,not relevant
SethMacFarlane,https://www.nytimes.com/2023/03/10/opinion/masks-work-cochrane-study.html,1637195571105796096,117,157419,2023-03-18 20:53:36+00:00,https://twitter.com/SethMacFarlane/status/1637195571105796096,2023-03-18,nuanced_accurate,
SheriWeinstein2,https://townhall.com/tipsheet/scottmorefield/2023/02/05/latest-gold-standard-review-puts-the-final-nail-in-the-coffin-for-masks-n2619180,1622335202692300803,105,15289,2023-02-05 20:43:48+00:00,https://twitter.com/SheriWeinstein2/status/1622335202692300803,2023-02-05,misleading,
SpacePirate144,,1624986884199055363,85,4831,2023-02-13 04:20:38+00:00,https://twitter.com/SpacePirate144/status/1624986884199055363,2023-02-13,misleading,
StBrandner,https://jungefreiheit.de/debatte/kommentar/2023/corona-aufarbeitung/,1624337899742195714,136,12409,2023-02-11 09:21:48+00:00,https://twitter.com/StBrandner/status/1624337899742195714,2023-02-11,misleading,
SukunaBikona7,https://www.cochrane.org/news/statement-physical-interventions-interrupt-or-reduce-spread-respiratory-viruses-review,1634419514422218753,137,16602,2023-03-11 05:02:32+00:00,https://twitter.com/SukunaBikona7/status/1634419514422218753,2023-03-11,nuanced_accurate,
TheChiefNerd,https://www.thelancet.com/journals/lancet/article/PIIS0140-6736(22)02465-5/fulltext,1626691921828618240,286,280310,2023-02-17 21:15:51+00:00,https://twitter.com/TheChiefNerd/status/1626691921828618240,2023-02-17,,not relevant
TiceRichard,https://www.dailymail.co.uk/health/article-11702865/Masks-make-little-no-difference-Covid-infections-massive-cross-country-meta-analysis-finds.html,1622413889936965632,88,15072,2023-02-06 01:56:29+00:00,https://twitter.com/TiceRichard/status/1622413889936965632,2023-02-06,misleading,
TonyIannitelli,https://www.foxnews.com/health/face-masks-difference-spread-covid-scientific-review,1625487984534642690,124,3244,2023-02-14 13:31:50+00:00,https://twitter.com/TonyIannitelli/status/1625487984534642690,2023-02-14,misleading,
TonyIannitelli,https://www.foxnews.com/media/twitter-erupts-cdc-director-walensky-tells-congress-masking-guidance-doesnt-really-change-time,1625986464914804738,113,3005,2023-02-15 22:32:37+00:00,https://twitter.com/TonyIannitelli/status/1625986464914804738,2023-02-15,misleading,
TracyBethHoeg,https://www.thelancet.com/journals/lancet/article/PIIS0140-6736(22)02465-5/fulltext,1626776682433777665,115,43048,2023-02-18 02:52:39+00:00,https://twitter.com/TracyBethHoeg/status/1626776682433777665,2023-02-18,,not relevant
UzmEsraGunes,https://www.washingtontimes.com/news/2023/mar/5/covid-19-conspiracy-theories-turned-out-to-be-true/,1632826057974841345,87,6995,2023-03-06 19:30:43+00:00,https://twitter.com/UzmEsraGunes/status/1632826057974841345,2023-03-06,misleading,
VPrasadMDMPH,,1636187202689589249,161,55266,2023-03-16 02:06:42+00:00,https://twitter.com/VPrasadMDMPH/status/1636187202689589249,2023-03-16,misleading,
VPrasadMDMPH,https://chicago.suntimes.com/columnists/2023/2/8/23591132/cdc-exaggerated-evidence-supporting-mask-mandates-column-jacob-sullum,1623677396275838976,119,21664,2023-02-09 13:37:12+00:00,https://twitter.com/VPrasadMDMPH/status/1623677396275838976,2023-02-09,misleading,
VPrasadMDMPH,https://vinayprasadmdmph.substack.com/p/the-cochrane-review-on-masks-is-damning,1620993979990036480,716,206481,2023-02-02 03:54:16+00:00,https://twitter.com/VPrasadMDMPH/status/1620993979990036480,2023-02-02,misleading,
VPrasadMDMPH,https://www.nytimes.com/2023/02/21/opinion/do-mask-mandates-work.html,1628202040655773696,98,45268,2023-02-22 01:16:31+00:00,https://twitter.com/VPrasadMDMPH/status/1628202040655773696,2023-02-22,misleading,
VPrasadMDMPH,https://www.thelancet.com/journals/lancet/article/PIIS0140-6736(22)02465-5/fulltext,1626460716898320384,457,84109,2023-02-17 05:57:07+00:00,https://twitter.com/VPrasadMDMPH/status/1626460716898320384,2023-02-17,,not relevant
V_its_me_,https://www.nytimes.com/2023/02/21/opinion/do-mask-mandates-work.html,1628893101333925889,147,7069,2023-02-23 23:02:33+00:00,https://twitter.com/V_its_me_/status/1628893101333925889,2023-02-23,misleading,
VacSafety,https://www.city-journal.org/new-cochrane-study-on-masks-and-covid,1631689307067936769,148,25507,2023-03-03 16:13:40+00:00,https://twitter.com/VacSafety/status/1631689307067936769,2023-03-03,misleading,
VegtDoor,https://www.cochranelibrary.com/cdsr/doi/10.1002/14651858.CD006207.pub6/full,1620323145180930048,121,23478,2023-01-31 07:28:36+00:00,https://twitter.com/VegtDoor/status/1620323145180930048,2023-01-31,misleading,
Weltwoche,https://weltwoche.ch/daily/studie-zeigt-die-maskenpflicht-hat-so-gut-wie-nichts-gebracht-auf-die-verbreitung-des-virus-hatten-masken-keine-wirkung/,1621925552180400132,165,23607,2023-02-04 17:36:00+00:00,https://twitter.com/Weltwoche/status/1621925552180400132,2023-02-04,misleading,
YvesPDB,https://www.washingtontimes.com/news/2023/mar/1/vaccines-dont-work-masks-dont-work-everything-gove/,1640444329876398102,94,4065,2023-03-27 20:03:00+00:00,https://twitter.com/YvesPDB/status/1640444329876398102,2023-03-27,misleading,
ZacBissonnette,,1625653431733043208,137,99077,2023-02-15 00:29:15+00:00,https://twitter.com/ZacBissonnette/status/1625653431733043208,2023-02-15,neutral,
_ProtectTheKids,https://www.nytimes.com/2023/03/10/opinion/masks-work-cochrane-study.html,1634219884438515712,94,17231,2023-03-10 15:49:17+00:00,https://twitter.com/_ProtectTheKids/status/1634219884438515712,2023-03-10,nuanced_accurate,
a_evangeli,https://theconversation.com/yes-masks-reduce-the-risk-of-spreading-covid-despite-a-review-saying-they-dont-198992,1622734384595075072,173,40134,2023-02-06 23:10:00+00:00,https://twitter.com/a_evangeli/status/1622734384595075072,2023-02-06,nuanced_accurate,
ajlamesa,https://www.washingtonpost.com/opinions/2023/03/03/face-masks-work-study/,1632191771470954497,97,133559,2023-03-05 01:30:17+00:00,https://twitter.com/ajlamesa/status/1632191771470954497,2023-03-05,misleading,
amapresident,https://www.cochrane.org/news/statement-physical-interventions-interrupt-or-reduce-spread-respiratory-viruses-review,1634353165297676288,141,27806,2023-03-11 00:38:54+00:00,https://twitter.com/amapresident/status/1634353165297676288,2023-03-11,misleading,
andrewbostom,https://www.cochranelibrary.com/cdsr/doi/10.1002/14651858.CD006207.pub6/full,1620442449205407749,137,29079,2023-01-31 15:22:40+00:00,https://twitter.com/andrewbostom/status/1620442449205407749,2023-01-31,misleading,
azavascki,https://www.cochranelibrary.com/cdsr/doi/10.1002/14651858.CD006207.pub6/full,1632256628648026112,104,84417,2023-03-05 05:48:00+00:00,https://twitter.com/azavascki/status/1632256628648026112,2023-03-05,nuanced_accurate,
bamajayt,https://freebeacon.com/coronavirus/this-study-could-be-scientific-nail-in-the-coffin-for-masks/,1624499621035737089,106,3991,2023-02-11 20:04:26+00:00,https://twitter.com/bamajayt/status/1624499621035737089,2023-02-11,misleading,
bamajayt,https://www.nytimes.com/2023/02/21/opinion/do-mask-mandates-work.html,1630234210375024647,144,4537,2023-02-27 15:51:38+00:00,https://twitter.com/bamajayt/status/1630234210375024647,2023-02-27,misleading,
berlinerzeitung,https://www.berliner-zeitung.de/news/corona-masken-nutzlos-bringen-nichts-cochrane-studie-oft-falsch-interpretiert-li.313781,1621393934516625410,92,66974,2023-02-03 06:23:32+00:00,https://twitter.com/berlinerzeitung/status/1621393934516625410,2023-02-03,nuanced_accurate,
besse_pascale,https://www.washingtontimes.com/news/2023/mar/1/vaccines-dont-work-masks-dont-work-everything-gove/,1639233731020873728,92,2147,2023-03-24 11:52:31+00:00,https://twitter.com/besse_pascale/status/1639233731020873728,2023-03-24,misleading,
bobepidemiology,,1629714106105339905,127,62620,2023-02-26 05:24:56+00:00,https://twitter.com/bobepidemiology/status/1629714106105339905,2023-02-26,misleading,
camerokt_,,1628883870656479232,132,22142,2023-02-23 22:25:52+00:00,https://twitter.com/camerokt_/status/1628883870656479232,2023-02-23,nuanced_accurate,
cicero_online,https://www.cicero.de/kultur/cochrane-studie-masken-corona-und-wahrscheinlichkeiten,1624425419502936064,179,16936,2023-02-11 15:09:35+00:00,https://twitter.com/cicero_online/status/1624425419502936064,2023-02-11,misleading,
cicero_online,https://www.cicero.de/kultur/corona-christian-drosten-ethikrat-wissenschaft-lutge-teil-3,1630462906079891460,179,34177,2023-02-28 07:00:24+00:00,https://twitter.com/cicero_online/status/1630462906079891460,2023-02-28,misleading,
cricketwyvern,https://www.cochranelibrary.com/cdsr/doi/10.1002/14651858.CD006207.pub6/full,1620762330161369088,85,40437,2023-02-01 12:33:46+00:00,https://twitter.com/cricketwyvern/status/1620762330161369088,2023-02-01,nuanced_accurate,
davidemccune,,1621232178712674304,187,50946,2023-02-02 19:40:47+00:00,https://twitter.com/davidemccune/status/1621232178712674304,2023-02-02,misleading,
davidicke,https://davidicke.com/2023/02/04/massive-peer-reviewed-mask-study-shows-little-to-no-difference-in-preventing-covid-and-flu-infection/,1621816587819880450,169,21098,2023-02-04 10:23:01+00:00,https://twitter.com/davidicke/status/1621816587819880450,2023-02-04,misleading,
deSunShineBand,https://www.frontnieuws.com/vaccins-werken-niet-maskers-werken-niet-alles-wat-de-regering-ons-vertelde-over-covid-19-was-fout/,1638274265504964608,144,4338,2023-03-21 20:19:57+00:00,https://twitter.com/deSunShineBand/status/1638274265504964608,2023-03-21,misleading,
denise_dewald,https://www.washingtonpost.com/opinions/2023/03/03/face-masks-work-study/,1631993949941293057,179,34510,2023-03-04 12:24:13+00:00,https://twitter.com/denise_dewald/status/1631993949941293057,2023-03-04,nuanced_accurate,
dm_ms,https://www.nytimes.com/2023/03/10/opinion/masks-work-cochrane-study.html,1634192122298486786,131,25856,2023-03-10 13:58:58+00:00,https://twitter.com/dm_ms/status/1634192122298486786,2023-03-10,nuanced_accurate,
dokhollidays,https://www.cochranelibrary.com/cdsr/doi/10.1002/14651858.CD006207.pub6/full,1620418559615860736,115,50297,2023-01-31 13:47:45+00:00,https://twitter.com/dokhollidays/status/1620418559615860736,2023-01-31,nuanced_accurate,
dokhollidays,https://www.nytimes.com/2023/03/10/opinion/masks-work-cochrane-study.html,1634248116680421376,110,24149,2023-03-10 17:41:28+00:00,https://twitter.com/dokhollidays/status/1634248116680421376,2023-03-10,nuanced_accurate,
drkerrynphelps,https://www.ausdoc.com.au/opinion/cochrane-has-it-wrong-masks-do-reduce-the-risk-of-spreading-covid-19/,1623935616198254593,118,13538,2023-02-10 06:43:16+00:00,https://twitter.com/drkerrynphelps/status/1623935616198254593,2023-02-10,nuanced_accurate,
elecord,https://news.yahoo.co.jp/byline/ishidamasahiko/20230316-00341347,1636184869243097088,125,28485,2023-03-16 01:57:26+00:00,https://twitter.com/elecord/status/1636184869243097088,2023-03-16,nuanced_accurate,
fengyunshe,https://www.foxnews.com/health/face-masks-difference-spread-covid-scientific-review,1625499799373107200,171,821,2023-02-14 14:18:47+00:00,https://twitter.com/fengyunshe/status/1625499799373107200,2023-02-14,misleading,
gabisp22,https://www.nytimes.com/2023/02/21/opinion/do-mask-mandates-work.html,1628751474183311361,106,3546,2023-02-23 13:39:46+00:00,https://twitter.com/gabisp22/status/1628751474183311361,2023-02-23,misleading,
gatewaypundit,https://www.thegatewaypundit.com/2023/02/cdc-director-walensky-says-child-masking-policies-doesnt-really-change-time-confronted-new-study-proves-masking-worthless-detrimental-child-development-v/,1625702633846542336,185,20055,2023-02-15 03:44:46+00:00,https://twitter.com/gatewaypundit/status/1625702633846542336,2023-02-15,misleading,
goutraillon,https://www.nytimes.com/2023/02/21/opinion/do-mask-mandates-work.html,1628282603538386944,110,5321,2023-02-22 06:36:39+00:00,https://twitter.com/goutraillon/status/1628282603538386944,2023-02-22,misleading,
graciefacelove,https://www.nytimes.com/2023/02/21/opinion/do-mask-mandates-work.html,1628219855571914753,180,79665,2023-02-22 02:27:19+00:00,https://twitter.com/graciefacelove/status/1628219855571914753,2023-02-22,misleading,
hicksyalex,https://www.telegraph.co.uk/news/2023/03/01/untruth-untruth-peddled-justify-great-lockdown-disaster/,1631173913471221761,171,7448,2023-03-02 06:05:41+00:00,https://twitter.com/hicksyalex/status/1631173913471221761,2023-03-02,misleading,
holmenkollin,https://maryannedemasi.substack.com/p/exclusive-lead-author-of-new-cochrane,1622255723429109760,160,19379,2023-02-05 15:27:59+00:00,https://twitter.com/holmenkollin/status/1622255723429109760,2023-02-05,misleading,
jack_hikuma,https://www.cochranelibrary.com/cdsr/doi/10.1002/14651858.CD006207.pub6/full,1620550436477599745,115,9719,2023-01-31 22:31:47+00:00,https://twitter.com/jack_hikuma/status/1620550436477599745,2023-01-31,misleading,
jeffjarvis,,1628371283166593025,85,49289,2023-02-22 12:29:02+00:00,https://twitter.com/jeffjarvis/status/1628371283166593025,2023-02-22,nuanced_accurate,
jhmdrei,https://www.nytimes.com/2023/02/21/opinion/do-mask-mandates-work.html,1.62855E+18,136,13509,2023-02-23 00:15:00+00:00,https://twitter.com/jhmdrei/status/1628548945231360000,2023-02-23,misleading,
joeolivermd,,1627134669551505415,103,19488,2023-02-19 02:35:10+00:00,https://twitter.com/joeolivermd/status/1627134669551505415,2023-02-19,nuanced_accurate,
john_bumblebee,,1624553170746724352,99,11530,2023-02-11 23:37:13+00:00,https://twitter.com/john_bumblebee/status/1624553170746724352,2023-02-11,misleading,
john_bumblebee,https://www.volkskrant.nl/kijkverder/v/2023/drie-jaar-na-de-lockdown-welke-maatregelen-waren-het-zinvolst~v667650/,1637787518258012160,543,81912,2023-03-20 12:05:47+00:00,https://twitter.com/john_bumblebee/status/1637787518258012160,2023-03-20,misleading,
julia_jusa1,https://www.washingtontimes.com/news/2023/mar/1/vaccines-dont-work-masks-dont-work-everything-gove/,1638581072899317760,132,2903,2023-03-22 16:39:05+00:00,https://twitter.com/julia_jusa1/status/1638581072899317760,2023-03-22,misleading,
juneslater17,https://www.dailymail.co.uk/debate/article-11767137/PETER-HITCHENS-masks-pointless-apology.html,1627261979655110657,153,11070,2023-02-19 11:01:03+00:00,https://twitter.com/juneslater17/status/1627261979655110657,2023-02-19,misleading,
jvipondmd,https://www.washingtonpost.com/opinions/2023/03/03/face-masks-work-study/,1632056807618412549,103,22523,2023-03-04 16:33:59+00:00,https://twitter.com/jvipondmd/status/1632056807618412549,2023-03-04,nuanced_accurate,
kerpen,,1623677614010269697,89,42845,2023-02-09 13:38:04+00:00,https://twitter.com/kerpen/status/1623677614010269697,2023-02-09,misleading,
kevinnbass,,1622398109010788352,137,80720,2023-02-06 00:53:46+00:00,https://twitter.com/kevinnbass/status/1622398109010788352,2023-02-06,misleading,
kevinnbass,https://www.cochranelibrary.com/cdsr/doi/10.1002/14651858.CD006207.pub6/full,1641205922671513602,162,33498,2023-03-29 22:29:18+00:00,https://twitter.com/kevinnbass/status/1641205922671513602,2023-03-29,misleading,
larryelder,https://thejewishvoice.com/2023/02/rochelle-walenskys-terrible-testimony/,1627138358232363008,159,36358,2023-02-19 02:49:50+00:00,https://twitter.com/larryelder/status/1627138358232363008,2023-02-19,misleading,
larryelder,https://www.dailysignal.com/2023/02/20/new-study-on-masks-shows-theres-no-evidence-they-work/,1628035366929440770,177,23805,2023-02-21 14:14:13+00:00,https://twitter.com/larryelder/status/1628035366929440770,2023-02-21,misleading,
larryelder,https://www.wnd.com/2023/02/massive-meta-study-mask-wearing-delivers-kill-shot-covid-narrative/,1620992131199569920,160,23884,2023-02-02 03:46:55+00:00,https://twitter.com/larryelder/status/1620992131199569920,2023-02-02,misleading,
letoshia123,https://www.cochrane.org/news/statement-physical-interventions-interrupt-or-reduce-spread-respiratory-viruses-review,1634363888539152385,93,57785,2023-03-11 01:21:30+00:00,https://twitter.com/letoshia123/status/1634363888539152385,2023-03-11,nuanced_accurate,
linseymarr,,1628490267937366017,132,69629,2023-02-22 20:21:50+00:00,https://twitter.com/linseymarr/status/1628490267937366017,2023-02-22,neutral,
magsnichols,https://www.nytimes.com/2023/02/21/opinion/do-mask-mandates-work.html,1628202135736156161,93,16258,2023-02-22 01:16:54+00:00,https://twitter.com/magsnichols/status/1628202135736156161,2023-02-22,misleading,
matjendav4,https://www.foxnews.com/health/face-masks-difference-spread-covid-scientific-review,1625499319292895232,150,5829,2023-02-14 14:16:52+00:00,https://twitter.com/matjendav4/status/1625499319292895232,2023-02-14,misleading,
mattletiss7,https://www.dailymail.co.uk/health/article-11702865/Masks-make-little-no-difference-Covid-infections-massive-cross-country-meta-analysis-finds.html,1621574356915654656,111,48976,2023-02-03 18:20:28+00:00,https://twitter.com/mattletiss7/status/1621574356915654656,2023-02-03,misleading,
michaelpsenger,https://maryannedemasi.substack.com/p/breaking-did-cochrane-sacrifice-its,1636091892302766080,134,45708,2023-03-15 19:47:58+00:00,https://twitter.com/michaelpsenger/status/1636091892302766080,2023-03-15,misleading,
michaelpsenger,https://maryannedemasi.substack.com/p/exclusive-lead-author-of-new-cochrane,1622480248234450948,380,44360,2023-02-06 06:20:10+00:00,https://twitter.com/michaelpsenger/status/1622480248234450948,2023-02-06,misleading,
michaelpsenger,https://michaelpsenger.substack.com/p/how-zeynep-tufekci-and-jeremy-howard,1640000181621112833,321,123346,2023-03-26 14:38:07+00:00,https://twitter.com/michaelpsenger/status/1640000181621112833,2023-03-26,misleading,
michaelpsenger,https://michaelpsenger.substack.com/p/how-zeynep-tufekci-and-jeremy-howard,1640052820123750401,579,309320,2023-03-26 18:07:17+00:00,https://twitter.com/michaelpsenger/status/1640052820123750401,2023-03-26,misleading,
normanpie,https://www.nytimes.com/2023/02/21/opinion/do-mask-mandates-work.html,1628460007137107968,85,9251,2023-02-22 18:21:35+00:00,https://twitter.com/normanpie/status/1628460007137107968,2023-02-22,misleading,
nytopinion,https://www.nytimes.com/2023/02/21/opinion/do-mask-mandates-work.html,1628193032238505990,132,400080,2023-02-22 00:40:43+00:00,https://twitter.com/nytopinion/status/1628193032238505990,2023-02-22,misleading,
opdrokanozdemir,https://www.washingtontimes.com/news/2023/mar/1/vaccines-dont-work-masks-dont-work-everything-gove/,1639203672939802624,91,8009,2023-03-24 09:53:05+00:00,https://twitter.com/opdrokanozdemir/status/1639203672939802624,2023-03-24,misleading,
osamu_iga,,1628469987487674369,116,14909,2023-02-22 19:01:15+00:00,https://twitter.com/osamu_iga/status/1628469987487674369,2023-02-22,nuanced_accurate,
pbhushan1,https://freebeacon.com/coronavirus/this-study-could-be-scientific-nail-in-the-coffin-for-masks/,1623164967490060289,87,23111,2023-02-08 03:40:59+00:00,https://twitter.com/pbhushan1/status/1623164967490060289,2023-02-08,misleading,
pelagicbird,https://maryannedemasi.substack.com/p/exclusive-lead-author-of-new-cochrane,1622360945795207168,98,122428,2023-02-05 22:26:06+00:00,https://twitter.com/pelagicbird/status/1622360945795207168,2023-02-05,misleading,
profesterman,,1625348315109027841,114,23049,2023-02-14 04:16:50+00:00,https://twitter.com/profesterman/status/1625348315109027841,2023-02-14,nuanced_accurate,
profesterman,https://theconversation.com/yes-masks-reduce-the-risk-of-spreading-covid-despite-a-review-saying-they-dont-198992,1622728227172265984,129,35921,2023-02-06 22:45:32+00:00,https://twitter.com/profesterman/status/1622728227172265984,2023-02-06,nuanced_accurate,
profnfenton,https://chriswaldburger.substack.com/p/ending-the-covid-debate-for-good,1638871242567569408,179,15873,2023-03-23 11:52:07+00:00,https://twitter.com/profnfenton/status/1638871242567569408,2023-03-23,misleading,
rkylesmith,https://www.nytimes.com/2023/02/21/opinion/do-mask-mandates-work.html,1628410977870831617,150,161940,2023-02-22 15:06:46+00:00,https://twitter.com/rkylesmith/status/1628410977870831617,2023-02-22,misleading,
robbysoave,https://reason.com/2023/02/07/masks-covid-dont-work-cochrane-library-review-mandate/,1622974565323358212,154,37184,2023-02-07 15:04:24+00:00,https://twitter.com/robbysoave/status/1622974565323358212,2023-02-07,misleading,
robinmonotti,https://maryannedemasi.substack.com/p/exclusive-lead-author-of-new-cochrane,1622567385466081280,169,17643,2023-02-06 12:06:25+00:00,https://twitter.com/robinmonotti/status/1622567385466081280,2023-02-06,misleading,
robinmonotti,https://www.cochranelibrary.com/cdsr/doi/10.1002/14651858.CD006207.pub6/full,1620311528523304960,138,13937,2023-01-31 06:42:26+00:00,https://twitter.com/robinmonotti/status/1620311528523304960,2023-01-31,misleading,
rosenbusch_,https://www.cochranelibrary.com/cdsr/doi/10.1002/14651858.CD006207.pub6/full,1620680603044827136,116,11474,2023-02-01 07:09:01+00:00,https://twitter.com/rosenbusch_/status/1620680603044827136,2023-02-01,misleading,
stkirsch,https://stevekirsch.substack.com/p/in-san-francisco-if-you-dont-wear,1632666845055524865,310,35974,2023-03-06 08:58:04+00:00,https://twitter.com/stkirsch/status/1632666845055524865,2023-03-06,misleading,
stkirsch,https://stevekirsch.substack.com/p/the-debate-is-over-masks-do-not-work,1620824659112636416,9223,772811,2023-02-01 16:41:26+00:00,https://twitter.com/stkirsch/status/1620824659112636416,2023-02-01,misleading,
stohr_klaus,https://maryannedemasi.substack.com/p/exclusive-lead-author-of-new-cochrane,1622704993559085062,144,121690,2023-02-06 21:13:13+00:00,https://twitter.com/stohr_klaus/status/1622704993559085062,2023-02-06,misleading,
strauss_matt,,1622266961097809930,106,47398,2023-02-05 16:12:38+00:00,https://twitter.com/strauss_matt/status/1622266961097809930,2023-02-05,misleading,
takua_scientist,https://www.cochranelibrary.com/cdsr/doi/10.1002/14651858.CD006207.pub6/full,1627516983058272256,111,28699,2023-02-20 03:54:21+00:00,https://twitter.com/takua_scientist/status/1627516983058272256,2023-02-20,nuanced_accurate,
takua_scientist,https://www.cochranelibrary.com/cdsr/doi/10.1002/14651858.CD006207.pub6/full,1628529703228444672,167,24468,2023-02-22 22:58:32+00:00,https://twitter.com/takua_scientist/status/1628529703228444672,2023-02-22,nuanced_accurate,
tatiann69922625,https://www.cell.com/heliyon/fulltext/S2405-8440(23)01324-5,1634228001079476228,117,6686,2023-03-10 16:21:32+00:00,https://twitter.com/tatiann69922625/status/1634228001079476228,2023-03-10,misleading,
tatiann69922625,https://www.cochranelibrary.com/cdsr/doi/10.1002/14651858.CD006207.pub6/full,1626290523207000065,86,5373,2023-02-16 18:40:50+00:00,https://twitter.com/tatiann69922625/status/1626290523207000065,2023-02-16,misleading,
thackerpd,,1634189359497748480,92,88985,2023-03-10 13:47:59+00:00,https://twitter.com/thackerpd/status/1634189359497748480,2023-03-10,misleading,
theotherphilipp,https://www.cell.com/heliyon/fulltext/S2405-8440(23)01324-5,1634135984043446272,179,22548,2023-03-10 10:15:54+00:00,https://twitter.com/theotherphilipp/status/1634135984043446272,2023-03-10,misleading,
toadmeister,https://dailysceptic.org/2023/02/06/dr-carl-heneghan-interviews-dr-tom-jefferson-about-his-major-new-study-showing-masks-have-no-clear-effect,1622611608055808003,101,18694,2023-02-06 15:02:08+00:00,https://twitter.com/toadmeister/status/1622611608055808003,2023-02-06,misleading,
tucabr54,https://www.nytimes.com/2023/02/21/opinion/do-mask-mandates-work.html,1628489629530787842,90,2636,2023-02-22 20:19:18+00:00,https://twitter.com/tucabr54/status/1628489629530787842,2023-02-22,misleading,
veit_markus,https://www.tagesschau.de/faktenfinder/corona-studie-masken-101.html,1621552257798967296,99,28181,2023-02-03 16:52:39+00:00,https://twitter.com/veit_markus/status/1621552257798967296,2023-02-03,misleading,
zarifbalci,https://www.cochranelibrary.com/cdsr/doi/10.1002/14651858.CD006207.pub6/full,1632661945307340801,106,14683,2023-03-06 08:38:35+00:00,https://twitter.com/zarifbalci/status/1632661945307340801,2023-03-06,misleading,
zerohedge,https://www.zerohedge.com/geopolitical/gaslighting-conspiracy-theories-already-proven-true-2023,1631504732027011072,136,81188,2023-03-03 04:00:14+00:00,https://twitter.com/zerohedge/status/1631504732027011072,2023-03-03,misleading,
zerohedge,https://www.zerohedge.com/political/cdc-director-defends-mask-mandates-after-new-study-shows-masking-has-little-effect,1623874427699007490,165,111090,2023-02-10 02:40:08+00:00,https://twitter.com/zerohedge/status/1623874427699007490,2023-02-10,misleading,
zerohedge,https://www.zerohedge.com/political/face-masks-lab-leaks-no-match-progressive-ideology,1631041652595781632,125,82567,2023-03-01 21:20:07+00:00,https://twitter.com/zerohedge/status/1631041652595781632,2023-03-01,misleading,
zoeharcombe,https://lauradodsworth.substack.com/p/the-new-york-times-is-wrong-mask,1629397859182301184,158,24160,2023-02-25 08:28:17+00:00,https://twitter.com/zoeharcombe/status/1629397859182301184,2023-02-25,misleading,