day,unrefined_link,link,retweets,impressions,stance,notes
2023-01-30,https://pubmed.ncbi.nlm.nih.gov/36715243/,https://pubmed.ncbi.nlm.nih.gov/36715243/,392,99431,neutral,
2023-01-31,https://www.tichyseinblick.de/daili-es-sentials/cochrane-review-nutzen-masken-effekt-infektiongeschehen/,https://www.tichyseinblick.de/daili-es-sentials/cochrane-review-nutzen-masken-effekt-infektiongeschehen/,217,24330,misleading,
2023-01-31,https://jungefreiheit.de/kultur/gesellschaft/2023/masken-schuetzen-nicht/,https://jungefreiheit.de/kultur/gesellschaft/2023/masken-schuetzen-nicht/,251,23695,misleading,
2023-02-01,https://www.cicero.de/kultur/neue-metastudie-zum-tragen-von-masken-covid-cochrane-lauterbach-maskenpflicht,https://www.cicero.de/kultur/neue-metastudie-zum-tragen-von-masken-covid-cochrane-lauterbach-maskenpflicht,51,8588,misleading,
2023-02-01,https://hotair.com/david-strom/2023/02/01/randomized-controlled-trials-masks-do-nothing-n527650,https://hotair.com/david-strom/2023/02/01/randomized-controlled-trials-masks-do-nothing-n527650,29,4226,misleading,
2023-02-01,https://nbcmontana.com/news/nation-world/study-finds-mask-wearing-likely-makes-little-or-no-difference-regarding-flu-transmission-covid-coronavirus-masking-mandate-health-respiratory-virus,https://nbcmontana.com/news/nation-world/study-finds-mask-wearing-likely-makes-little-or-no-difference-regarding-flu-transmission-covid-coronavirus-masking-mandate-health-respiratory-virus,451,67147,misleading,
2023-02-01,https://mynbc15.com/news/nation-world/study-finds-mask-wearing-likely-makes-little-or-no-difference-regarding-flu-transmission-covid-coronavirus-masking-mandate-health-respiratory-virus,https://mynbc15.com/news/nation-world/study-finds-mask-wearing-likely-makes-little-or-no-difference-regarding-flu-transmission-covid-coronavirus-masking-mandate-health-respiratory-virus,3060,547344,misleading,
2023-02-01,https://www.bild.de/bild-plus/politik/inland/politik-inland/globale-studie-schockt-forscher-maskenpflicht-half-wenig-gegen-corona-82753008.bild.html,https://www.bild.de/bild-plus/politik/inland/politik-inland/globale-studie-schockt-forscher-maskenpflicht-half-wenig-gegen-corona-82753008.bild.html,247,72227,misleading,
2023-02-01,https://www.wnd.com/2023/02/massive-meta-study-mask-wearing-delivers-kill-shot-covid-narrative/,https://www.wnd.com/2023/02/massive-meta-study-mask-wearing-delivers-kill-shot-covid-narrative/,223,34498,misleading,
2023-02-01,https://www.zerohedge.com/political/massive-mask-study-shows-little-no-difference-preventing-covid-flu-infection,https://www.zerohedge.com/political/massive-mask-study-shows-little-no-difference-preventing-covid-flu-infection,13496,2034923,misleading,
2023-02-02,https://www.spectator.co.uk/article/do-mask-mandates-work/,https://www.spectator.co.uk/article/do-mask-mandates-work/,224,122679,misleading,
2023-02-02,https://www.spiegel.de/wissenschaft/medizin/coronavirus-hat-die-maskenpflicht-nichts-gebracht-a-294ba879-11b7-4313-bad2-3acdbd3868ad,https://www.spiegel.de/wissenschaft/medizin/coronavirus-hat-die-maskenpflicht-nichts-gebracht-a-294ba879-11b7-4313-bad2-3acdbd3868ad,103,49362,nuanced_accurate,
2023-02-02,https://www.washingtonexaminer.com/opinion/a-major-new-study-shows-that-masks-dont-stop-the-spread-of-covid-will-the-mandaters-apologize,https://www.washingtonexaminer.com/opinion/a-major-new-study-shows-that-masks-dont-stop-the-spread-of-covid-will-the-mandaters-apologize,94,20549,misleading,
2023-02-02,https://www.dailymail.co.uk/health/article-11702865/Masks-make-little-no-difference-Covid-infections-massive-cross-country-meta-analysis-finds.html,https://www.dailymail.co.uk/health/article-11702865/Masks-make-little-no-difference-Covid-infections-massive-cross-country-meta-analysis-finds.html,2193,620254,misleading,
2023-02-02,https://www.berliner-zeitung.de/news/corona-masken-nutzlos-bringen-nichts-cochrane-studie-oft-falsch-interpretiert-li.313781,https://www.berliner-zeitung.de/news/corona-masken-nutzlos-bringen-nichts-cochrane-studie-oft-falsch-interpretiert-li.313781,471,200576,nuanced_accurate,
2023-02-03,https://www.tagesschau.de/faktenfinder/corona-studie-masken-101.html,https://www.tagesschau.de/faktenfinder/corona-studie-masken-101.html,825,432950,nuanced_accurate,
2023-02-03,"https://www.br.de/nachrichten/wissen/faktenfuchs-studie-widerlegt-nicht-die-wirksamkeit-von-masken,TUn7pxC","https://www.br.de/nachrichten/wissen/faktenfuchs-studie-widerlegt-nicht-die-wirksamkeit-von-masken,TUn7pxC",105,84144,nuanced_accurate,
2023-02-03,https://www.aerzteblatt.de/nachrichten/140765/Cochrane-Metaanalyse-zum-Maskentragen-wenig-aussagekraeftig,https://www.aerzteblatt.de/nachrichten/140765/Cochrane-Metaanalyse-zum-Maskentragen-wenig-aussagekraeftig,89,19976,nuanced_accurate,
2023-02-03,https://www.fr.de/wissen/wirkungslos-corona-studie-ueberrascht-masken-maskenpflicht-waren-92062735.html,https://www.fr.de/wissen/wirkungslos-corona-studie-ueberrascht-masken-maskenpflicht-waren-92062735.html,777,193988,misleading,
2023-02-03,https://weltwoche.ch/daily/studie-zeigt-die-maskenpflicht-hat-so-gut-wie-nichts-gebracht-auf-die-verbreitung-des-virus-hatten-masken-keine-wirkung/,https://weltwoche.ch/daily/studie-zeigt-die-maskenpflicht-hat-so-gut-wie-nichts-gebracht-auf-die-verbreitung-des-virus-hatten-masken-keine-wirkung/,264,40882,misleading,
2023-02-04,https://davidicke.com/2023/02/04/massive-peer-reviewed-mask-study-shows-little-to-no-difference-in-preventing-covid-and-flu-infection/,https://davidicke.com/2023/02/04/massive-peer-reviewed-mask-study-shows-little-to-no-difference-in-preventing-covid-and-flu-infection/,170,21135,misleading,
2023-02-04,https://www.zerohedge.com/covid-19/ugly-people-more-likely-wear-masks-university-study,https://www.zerohedge.com/covid-19/ugly-people-more-likely-wear-masks-university-study,880,649719,misleading,
2023-02-05,https://townhall.com/tipsheet/scottmorefield/2023/02/05/latest-gold-standard-review-puts-the-final-nail-in-the-coffin-for-masks-n2619180,https://townhall.com/tipsheet/scottmorefield/2023/02/05/latest-gold-standard-review-puts-the-final-nail-in-the-coffin-for-masks-n2619180,176,34328,misleading,
2023-02-06,https://www.bloomberg.com/news/newsletters/2023-02-06/face-masks-ability-to-stop-viruses-needs-study-review-finds,https://www.bloomberg.com/news/newsletters/2023-02-06/face-masks-ability-to-stop-viruses-needs-study-review-finds,229,460630,nuanced_accurate,
2023-02-06,https://dailysceptic.org/2023/02/06/dr-carl-heneghan-interviews-dr-tom-jefferson-about-his-major-new-study-showing-masks-have-no-clear-effect,https://dailysceptic.org/2023/02/06/dr-carl-heneghan-interviews-dr-tom-jefferson-about-his-major-new-study-showing-masks-have-no-clear-effect,172,32094,misleading,
2023-02-06,,https://theconversation.com/yes-masks-reduce-the-risk-of-spreading-covid-despite-a-review-saying-they-dont-198992,4971,2610398,nuanced_accurate,
2023-02-06,https://freebeacon.com/coronavirus/this-study-could-be-scientific-nail-in-the-coffin-for-masks/,https://freebeacon.com/coronavirus/this-study-could-be-scientific-nail-in-the-coffin-for-masks/,10529,1726590,misleading,
2023-02-07,https://reason.com/2023/02/08/a-scientific-review-shows-the-cdc-grossly-exaggerated-the-evidence-supporting-mask-mandates/,https://reason.com/2023/02/08/a-scientific-review-shows-the-cdc-grossly-exaggerated-the-evidence-supporting-mask-mandates/,1677,281678,misleading,
2023-02-07,https://nypost.com/2023/02/07/the-cdc-grossly-exaggerated-the-evidence-for-mask-mandates/,https://nypost.com/2023/02/07/the-cdc-grossly-exaggerated-the-evidence-for-mask-mandates/,92,9416,misleading,
2023-02-07,https://reason.com/2023/02/07/masks-covid-dont-work-cochrane-library-review-mandate/,https://reason.com/2023/02/07/masks-covid-dont-work-cochrane-library-review-mandate/,2091,247306,misleading,
2023-02-07,https://www.tvo.org/article/once-and-for-all-masks-reduce-the-risk-of-spreading-covid,https://www.tvo.org/article/once-and-for-all-masks-reduce-the-risk-of-spreading-covid,692,119257,nuanced_accurate,
2023-02-07,https://www.hs.fi/tiede/art-2000009375500.html,https://www.hs.fi/tiede/art-2000009375500.html,291,281307,misleading,
2023-02-08,https://chicago.suntimes.com/columnists/2023/2/8/23591132/cdc-exaggerated-evidence-supporting-mask-mandates-column-jacob-sullum,https://chicago.suntimes.com/columnists/2023/2/8/23591132/cdc-exaggerated-evidence-supporting-mask-mandates-column-jacob-sullum,1794,494154,misleading,
2023-02-08,https://www.ausdoc.com.au/opinion/cochrane-has-it-wrong-masks-do-reduce-the-risk-of-spreading-covid-19/,https://www.ausdoc.com.au/opinion/cochrane-has-it-wrong-masks-do-reduce-the-risk-of-spreading-covid-19/,131,14069,nuanced_accurate,
2023-02-09,https://www.sfchronicle.com/opinion/article/healthcare-covid-normal-masking-testing-17771728.php,https://www.sfchronicle.com/opinion/article/healthcare-covid-normal-masking-testing-17771728.php,102,66150,misleading,
2023-02-09,https://www.zerohedge.com/political/cdc-director-defends-mask-mandates-after-new-study-shows-masking-has-little-effect,https://www.zerohedge.com/political/cdc-director-defends-mask-mandates-after-new-study-shows-masking-has-little-effect,216,126279,misleading,
2023-02-10,https://www.cicero.de/kultur/cochrane-studie-masken-corona-und-wahrscheinlichkeiten,https://www.cicero.de/kultur/cochrane-studie-masken-corona-und-wahrscheinlichkeiten,190,18181,,paywall
2023-02-10,https://www.artsenauto.nl/de-schijnwereld-van-mondkapjes-en-dergelijke/,https://www.artsenauto.nl/de-schijnwereld-van-mondkapjes-en-dergelijke/,246,93091,misleading,
2023-02-10,https://jungefreiheit.de/debatte/kommentar/2023/corona-aufarbeitung/,https://jungefreiheit.de/debatte/kommentar/2023/corona-aufarbeitung/,394,40594,misleading,
2023-02-13,https://www.foxnews.com/health/face-masks-difference-spread-covid-scientific-review,https://www.foxnews.com/health/face-masks-difference-spread-covid-scientific-review,6707,1423259,misleading,
2023-02-13,https://www.spectator.co.uk/article/do-face-masks-work/,https://www.spectator.co.uk/article/do-face-masks-work/,62,47680,misleading,
2023-02-13,https://www.theatlantic.com/health/archive/2023/02/covid-mask-guidelines-fight-cochrane-review/673039/,https://www.theatlantic.com/health/archive/2023/02/covid-mask-guidelines-fight-cochrane-review/673039/,298,275252,nuanced_accurate,
2023-02-13,https://slate.com/technology/2023/02/masks-effectiveness-cochrane-review.html,https://slate.com/technology/2023/02/masks-effectiveness-cochrane-review.html,856,948412,misleading,
2023-02-13,https://news.yahoo.com/face-masks-made-little-no-001748577.html,https://news.yahoo.com/face-masks-made-little-no-001748577.html,177,42590,misleading,
2023-02-14,https://nypost.com/2023/02/14/face-masks-made-little-to-no-difference-in-preventing-covid-study/,https://nypost.com/2023/02/14/face-masks-made-little-to-no-difference-in-preventing-covid-study/,685,233487,misleading,
2023-02-14,https://hannity.com/media-room/following-the-science-new-study-finds-face-masks-made-little-to-no-difference/,https://hannity.com/media-room/following-the-science-new-study-finds-face-masks-made-little-to-no-difference/,353,92316,misleading,
2023-02-14,https://torontosun.com/opinion/columnists/green-trudeau-government-still-peddling-covid-misinformation,https://torontosun.com/opinion/columnists/green-trudeau-government-still-peddling-covid-misinformation,96,35590,misleading,
2023-02-14,https://news.yahoo.com/parents-now-whether-covid-mask-233536286.html,https://news.yahoo.com/parents-now-whether-covid-mask-233536286.html,327,83100,misleading,
2023-02-14,https://www.ndtv.com/feature/wearing-face-masks-made-little-or-no-difference-in-curbing-spread-of-covid-19-claims-study-3783404,https://www.ndtv.com/feature/wearing-face-masks-made-little-or-no-difference-in-curbing-spread-of-covid-19-claims-study-3783404,88,83782,misleading,
2023-02-14,https://www.thegatewaypundit.com/2023/02/cdc-director-walensky-says-child-masking-policies-doesnt-really-change-time-confronted-new-study-proves-masking-worthless-detrimental-child-development-v/,https://www.thegatewaypundit.com/2023/02/cdc-director-walensky-says-child-masking-policies-doesnt-really-change-time-confronted-new-study-proves-masking-worthless-detrimental-child-development-v/,248,27807,misleading,
2023-02-15,https://www.breitbart.com/health/2023/02/15/nolte-major-study-shows-masks-pretty-useless-stopping-coronavirus-spread/,https://www.breitbart.com/health/2023/02/15/nolte-major-study-shows-masks-pretty-useless-stopping-coronavirus-spread/,36,4236,misleading,
2023-02-15,https://nypost.com/2023/02/15/i-lost-my-job-for-opposing-covid-school-closings-i-was-right-but-dems-wont-apologize/,https://nypost.com/2023/02/15/i-lost-my-job-for-opposing-covid-school-closings-i-was-right-but-dems-wont-apologize/,164,43655,misleading,
2023-02-15,https://www.foxnews.com/media/twitter-erupts-cdc-director-walensky-tells-congress-masking-guidance-doesnt-really-change-time,https://www.foxnews.com/media/twitter-erupts-cdc-director-walensky-tells-congress-masking-guidance-doesnt-really-change-time,370,130552,misleading,
2023-02-16,https://www.cicero.de/innenpolitik/evidenzbasierte-aufarbeitung-der-corona-politik-gerd-antes,https://www.cicero.de/innenpolitik/evidenzbasierte-aufarbeitung-der-corona-politik-gerd-antes,184,39206,,paywall
2023-02-16,https://www.theatlantic.com/newsletters/archive/2023/02/a-new-turn-in-the-fight-over-masks/673104/,https://www.theatlantic.com/newsletters/archive/2023/02/a-new-turn-in-the-fight-over-masks/673104/,94,122766,nuanced_accurate,
2023-02-16,https://www.zerohedge.com/covid-19/watch-cdc-director-suggests-it-will-never-change-child-masking-policy,https://www.zerohedge.com/covid-19/watch-cdc-director-suggests-it-will-never-change-child-masking-policy,94,116164,misleading,
2023-02-17,https://www.mtvuutiset.fi/artikkeli/kasvomaskeista-ei-ollutkaan-apua-koronan-leviamisen-ehkaisyssa-kertoo-tuore-selvitys/8635924,https://www.mtvuutiset.fi/artikkeli/kasvomaskeista-ei-ollutkaan-apua-koronan-leviamisen-ehkaisyssa-kertoo-tuore-selvitys/8635924,141,86739,misleading,
2023-02-17,https://www.city-journal.org/new-cochrane-study-on-masks-and-covid,https://www.city-journal.org/new-cochrane-study-on-masks-and-covid,2456,519319,misleading,
2023-02-18,https://thejewishvoice.com/2023/02/rochelle-walenskys-terrible-testimony/,https://thejewishvoice.com/2023/02/rochelle-walenskys-terrible-testimony/,159,36484,misleading,
2023-02-18,https://www.dailymail.co.uk/debate/article-11767137/PETER-HITCHENS-masks-pointless-apology.html,https://www.dailymail.co.uk/debate/article-11767137/PETER-HITCHENS-masks-pointless-apology.html,567,133559,misleading,
2023-02-19,,https://www.news.com.au/lifestyle/health/expert-slams-gold-standard-cochrane-review-mask-verdict/news-story/af7f698fefb0d4ea3e742a2fba3e06b3,1305,536214,nuanced_accurate,
2023-02-20,https://reason.com/2023/02/20/facebook-says-noting-the-cdcs-scientific-misrepresentations-could-mislead-people/,https://reason.com/2023/02/20/facebook-says-noting-the-cdcs-scientific-misrepresentations-could-mislead-people/,74,46287,misleading,
2023-02-20,https://www.dailysignal.com/2023/02/20/new-study-on-masks-shows-theres-no-evidence-they-work/,https://www.dailysignal.com/2023/02/20/new-study-on-masks-shows-theres-no-evidence-they-work/,250,29900,misleading,
2023-02-22,https://www.vox.com/future-perfect/2023/2/22/23609499/masks-covid-coronavirus-cochrane-review-pandemic-science-studies-infection,https://www.vox.com/future-perfect/2023/2/22/23609499/masks-covid-coronavirus-cochrane-review-pandemic-science-studies-infection,994,721310,nuanced_accurate,
2023-02-22,https://www.nytimes.com/2023/02/21/opinion/do-mask-mandates-work.html,https://www.nytimes.com/2023/02/21/opinion/do-mask-mandates-work.html,31606,8167777,misleading,
2023-02-22,https://www.wsws.org/en/articles/2023/02/23/2e51-f23.html,https://www.wsws.org/en/articles/2023/02/23/2e51-f23.html,134,12038,nuanced_accurate,
2023-02-23,https://townhall.com/tipsheet/saraharnold/2023/02/23/nyt-finally-admits-that-masks-did-nothing-n2619913,https://townhall.com/tipsheet/saraharnold/2023/02/23/nyt-finally-admits-that-masks-did-nothing-n2619913,53,8464,misleading,
2023-02-23,https://www.buzzfeednews.com/article/katiecamero/do-face-mask-mandates-work-covid,https://www.buzzfeednews.com/article/katiecamero/do-face-mask-mandates-work-covid,620,370538,nuanced_accurate,
2023-02-23,https://www.cicero.de/kultur/corona-christian-drosten-ethikrat-wissenschaft-lutge-teil-3,https://www.cicero.de/kultur/corona-christian-drosten-ethikrat-wissenschaft-lutge-teil-3,611,65951,misleading,
2023-02-24,https://edmontonjournal.com/news/local-news/david-staples-judgment-day-now-upon-the-fiercest-supporters-of-covid-public-health-restrictions,https://edmontonjournal.com/news/local-news/david-staples-judgment-day-now-upon-the-fiercest-supporters-of-covid-public-health-restrictions,66,27726,misleading,
2023-02-24,https://www.latimes.com/business/story/2023-02-24/covid-deniers-celebrate-a-study-that-claims-mask-mandates-dont-work-but-the-study-says-the-opposite,https://www.latimes.com/business/story/2023-02-24/covid-deniers-celebrate-a-study-that-claims-mask-mandates-dont-work-but-the-study-says-the-opposite,968,513018,nuanced_accurate,
2023-02-24,https://www.health.com/cochrane-review-do-masks-work-7112631,https://www.health.com/cochrane-review-do-masks-work-7112631,72,93984,nuanced_accurate,
2023-02-27,https://www.theguardian.com/commentisfree/2023/feb/27/dont-believe-those-who-claim-science-proves-masks-dont-work,https://www.theguardian.com/commentisfree/2023/feb/27/dont-believe-those-who-claim-science-proves-masks-dont-work,4144,880938,nuanced_accurate,
2023-02-28,,https://www.news.com.au/lifestyle/health/so-ridiculous-major-flaw-with-gold-standard-covid-mask-study-exposed/news-story/008737f7b3f7bf669f633a3004a9e40b,103,47140,nuanced_accurate,
2023-03-01,https://nationalpost.com/opinion/community-masking-was-never-going-to-work-against-covid,https://nationalpost.com/opinion/community-masking-was-never-going-to-work-against-covid,440,116624,misleading,
2023-03-01,https://www.washingtonexaminer.com/restoring-america/courage-strength-optimism/lab-leak-story-how-elite-scientists-lied-and-concealed-the-truth,https://www.washingtonexaminer.com/restoring-america/courage-strength-optimism/lab-leak-story-how-elite-scientists-lied-and-concealed-the-truth,87,19293,misleading,
2023-03-01,https://www.washingtontimes.com/news/2023/mar/1/vaccines-dont-work-masks-dont-work-everything-gove/,https://www.washingtontimes.com/news/2023/mar/1/vaccines-dont-work-masks-dont-work-everything-gove/,20684,2503722,misleading,
2023-03-01,https://www.telegraph.co.uk/news/2023/03/01/untruth-untruth-peddled-justify-great-lockdown-disaster/,https://www.telegraph.co.uk/news/2023/03/01/untruth-untruth-peddled-justify-great-lockdown-disaster/,1474,296560,misleading,
2023-03-01,https://www.zerohedge.com/political/face-masks-lab-leaks-no-match-progressive-ideology,https://www.zerohedge.com/political/face-masks-lab-leaks-no-match-progressive-ideology,125,86125,misleading,
2023-03-02,https://www.usatoday.com/story/opinion/columnist/2023/03/02/covid-lab-leak-china-not-conspiracy-theory/11364905002/,https://www.usatoday.com/story/opinion/columnist/2023/03/02/covid-lab-leak-china-not-conspiracy-theory/11364905002/,23,5830,misleading,
2023-03-02,https://www.zerohedge.com/geopolitical/gaslighting-conspiracy-theories-already-proven-true-2023,https://www.zerohedge.com/geopolitical/gaslighting-conspiracy-theories-already-proven-true-2023,358,96638,misleading,
2023-03-02,https://undark.org/2023/03/02/do-masks-work-its-a-question-of-physics-biology-and-behavior/,https://undark.org/2023/03/02/do-masks-work-its-a-question-of-physics-biology-and-behavior/,81,72390,nuanced_accurate,
2023-03-02,https://townhall.com/tipsheet/leahbarkoukis/2023/03/02/marty-makary-testimony-n2620112,https://townhall.com/tipsheet/leahbarkoukis/2023/03/02/marty-makary-testimony-n2620112,31,6289,misleading,
2023-03-03,https://expose-news.com/2023/03/03/pandemic-industry-plotted-to-kill-11-million-cats/,https://expose-news.com/2023/03/03/pandemic-industry-plotted-to-kill-11-million-cats/,207,9603,misleading,
2023-03-03,https://www.theatlantic.com/newsletters/archive/2023/03/covid-lab-leak-mask-mandates-science-media-information/673263/,https://www.theatlantic.com/newsletters/archive/2023/03/covid-lab-leak-mask-mandates-science-media-information/673263/,559,747332,misleading,
2023-03-03,https://thehill.com/opinion/healthcare/3882707-america-desperately-needs-a-bipartisan-pandemic-post-mortem/,https://thehill.com/opinion/healthcare/3882707-america-desperately-needs-a-bipartisan-pandemic-post-mortem/,482,153653,misleading,
2023-03-03,https://www.washingtonpost.com/opinions/2023/03/03/face-masks-work-study/,https://www.washingtonpost.com/opinions/2023/03/03/face-masks-work-study/,2776,823668,nuanced_accurate,
2023-03-05,https://thehill.com/opinion/healthcare/3883819-the-time-has-come-for-a-9-11-like-commission-on-covid-19/,https://thehill.com/opinion/healthcare/3883819-the-time-has-come-for-a-9-11-like-commission-on-covid-19/,94,45953,misleading,
2023-03-05,https://www.washingtontimes.com/news/2023/mar/5/covid-19-conspiracy-theories-turned-out-to-be-true/,https://www.washingtontimes.com/news/2023/mar/5/covid-19-conspiracy-theories-turned-out-to-be-true/,246,52677,misleading,
2023-03-08,https://www.vox.com/future-perfect/2023/3/8/23630644/cochrane-review-masks-covid-coronavirus-pandemic,https://www.vox.com/future-perfect/2023/3/8/23630644/cochrane-review-masks-covid-coronavirus-pandemic,117,52967,nuanced_accurate,
2023-03-10,https://www.zeit.de/gesundheit/2023-03/coronavirus-cochrane-forschung-masken-wirksamkeit,https://www.zeit.de/gesundheit/2023-03/coronavirus-cochrane-forschung-masken-wirksamkeit,693,377743,nuanced_accurate,
2023-03-10,https://www.nytimes.com/2023/03/10/opinion/masks-work-cochrane-study.html,https://www.nytimes.com/2023/03/10/opinion/masks-work-cochrane-study.html,9906,6331238,nuanced_accurate,
2023-03-10,https://www.thestar.com/news/canada/2023/03/10/how-the-cochrane-review-went-wrong-report-questioning-covid-masks-blows-up-prompts-apology.html,https://www.thestar.com/news/canada/2023/03/10/how-the-cochrane-review-went-wrong-report-questioning-covid-masks-blows-up-prompts-apology.html,837,322881,nuanced_accurate,
2023-03-11,https://www.forbes.com/sites/brucelee/2023/03/11/cochrane-says-review-does-not-show-that-face-masks-dont-work-against-covid-19/,https://www.forbes.com/sites/brucelee/2023/03/11/cochrane-says-review-does-not-show-that-face-masks-dont-work-against-covid-19/,258,80365,nuanced_accurate,
2023-03-13,https://www.sueddeutsche.de/gesundheit/medizin-masken-corona-pandemie-ffp2-gesundheit-lockdown-1.5767982,https://www.sueddeutsche.de/gesundheit/medizin-masken-corona-pandemie-ffp2-gesundheit-lockdown-1.5767982,87,56158,nuanced_accurate,
2023-03-14,"https://www.br.de/nachrichten/wissen/cochrane-entschuldigt-sich-fuer-missverstaendliche-masken-studie,TYOPT19","https://www.br.de/nachrichten/wissen/cochrane-entschuldigt-sich-fuer-missverstaendliche-masken-studie,TYOPT19",87,51479,nuanced_accurate,
2023-03-15,https://news.yahoo.co.jp/byline/ishidamasahiko/20230316-00341347,https://news.yahoo.co.jp/byline/ishidamasahiko/20230316-00341347,260,59559,nuanced_accurate,
2023-03-16,https://www.thenation.com/article/society/covid-masks-lab-leak-pundits/,https://www.thenation.com/article/society/covid-masks-lab-leak-pundits/,224,126233,nuanced_accurate,
2023-03-16,https://www.rawstory.com/disinformation-the-underreported-scandal-at-the-new-york-times/,https://www.rawstory.com/disinformation-the-underreported-scandal-at-the-new-york-times/,153,13260,nuanced_accurate,
2023-03-21,https://www.frontnieuws.com/vaccins-werken-niet-maskers-werken-niet-alles-wat-de-regering-ons-vertelde-over-covid-19-was-fout/,https://www.frontnieuws.com/vaccins-werken-niet-maskers-werken-niet-alles-wat-de-regering-ons-vertelde-over-covid-19-was-fout/,197,7000,misleading,
2023-03-21,https://www.city-journal.org/the-mask-of-ignorance,https://www.city-journal.org/the-mask-of-ignorance,178,49294,misleading,
2023-03-23,https://chriswaldburger.substack.com/p/ending-the-covid-debate-for-good,https://chriswaldburger.substack.com/p/ending-the-covid-debate-for-good,663,54472,misleading,
2023-01-31,https://davidzweig.substack.com/p/a-new-study-shows-why-mask-mandates,https://davidzweig.substack.com/p/a-new-study-shows-why-mask-mandates,729,233061,misleading,
2023-02-07,https://disinformationchronicle.substack.com/p/researchers-find-no-evidence-again,https://disinformationchronicle.substack.com/p/researchers-find-no-evidence-again,1563,239549,misleading,
2023-03-15,https://disinformationchronicle.substack.com/p/unmasking-the-new-york-times-zeynep,https://disinformationchronicle.substack.com/p/unmasking-the-new-york-times-zeynep,222,72941,misleading,
2023-01-05,https://hughmccarthy.substack.com/p/not-masks-again,https://hughmccarthy.substack.com/p/not-masks-again,68,12482,misleading,
2023-02-24,https://lauradodsworth.substack.com/p/the-new-york-times-is-wrong-mask,https://lauradodsworth.substack.com/p/the-new-york-times-is-wrong-mask,366,64801,misleading,
2023-03-15,https://maryannedemasi.substack.com/p/breaking-did-cochrane-sacrifice-its,https://maryannedemasi.substack.com/p/breaking-did-cochrane-sacrifice-its,1052,936267,misleading,
2023-02-05,https://maryannedemasi.substack.com/p/exclusive-lead-author-of-new-cochrane,https://maryannedemasi.substack.com/p/exclusive-lead-author-of-new-cochrane,2665,1465284,misleading,
2023-03-26,https://michaelpsenger.substack.com/p/how-zeynep-tufekci-and-jeremy-howard,https://michaelpsenger.substack.com/p/how-zeynep-tufekci-and-jeremy-howard,1412,592189,misleading,
2023-02-15,https://michaelpsenger.substack.com/p/rochelle-walenskys-terrible-testimony,https://michaelpsenger.substack.com/p/rochelle-walenskys-terrible-testimony,1201,183129,misleading,
2023-02-06,https://open.substack.com/pub/eugyppius/p/lead-author-of-the-cochrane-mask,https://open.substack.com/pub/eugyppius/p/lead-author-of-the-cochrane-mask,115,19576,misleading,
2023-02-03,https://palexander.substack.com/p/cochrane-review-shows-covid-face,https://palexander.substack.com/p/cochrane-review-shows-covid-face,34,2511,misleading,
2023-01-31,https://petermcculloughmd.substack.com/p/drop-public-mask-mandates-without,https://petermcculloughmd.substack.com/p/drop-public-mask-mandates-without,495,178879,misleading,
2023-02-01,https://raggedlines.substack.com/p/cochrane-settles-the-mask-debate,https://raggedlines.substack.com/p/cochrane-settles-the-mask-debate,90,10005,misleading,
2022-04-19,https://relevantdata.substack.com/p/the-most-important-mask-studies-a,https://relevantdata.substack.com/p/the-most-important-mask-studies-a,162,189,misleading,
2023-02-01,https://restorechildhood.substack.com/p/new-meta-analysis-should-end-discussion,https://restorechildhood.substack.com/p/new-meta-analysis-should-end-discussion,343,106444,misleading,
2023-02-01,https://rwmalonemd.substack.com/p/the-2023-cochran-review-on-physical,https://rwmalonemd.substack.com/p/the-2023-cochran-review-on-physical,690,114456,misleading,
2023-02-08,https://sensiblemed.substack.com/p/cochrane-masking-review-reveals-how,https://sensiblemed.substack.com/p/cochrane-masking-review-reveals-how,496,441672,misleading,
2023-02-06,https://sensiblemed.substack.com/p/lets-do-the-cochrane-review-of-physical,https://sensiblemed.substack.com/p/lets-do-the-cochrane-review-of-physical,48,64376,nuanced_accurate,
2023-03-15,https://sensiblemed.substack.com/p/the-cochrane-mask-fiasco,https://sensiblemed.substack.com/p/the-cochrane-mask-fiasco,597,367889,misleading,
2023-03-06,https://stevekirsch.substack.com/p/in-san-francisco-if-you-dont-wear,https://stevekirsch.substack.com/p/in-san-francisco-if-you-dont-wear,485,73816,misleading,
2023-02-01,https://stevekirsch.substack.com/p/the-debate-is-over-masks-do-not-work,https://stevekirsch.substack.com/p/the-debate-is-over-masks-do-not-work,9598,810021,misleading,
2023-02-03,https://trusttheevidence.substack.com/p/escaping-from-social-and-other-media,https://trusttheevidence.substack.com/p/escaping-from-social-and-other-media,205,58662,,paywall
2023-02-06,https://trusttheevidence.substack.com/p/more-on-escaping-from-social-and,https://trusttheevidence.substack.com/p/more-on-escaping-from-social-and,73,30857,,paywall
2023-03-16,https://trusttheevidence.substack.com/p/open-season-on-mask-evidence,https://trusttheevidence.substack.com/p/open-season-on-mask-evidence,23,7504,misleading,
2023-03-15,https://trusttheevidence.substack.com/p/open-season-on-scientists,https://trusttheevidence.substack.com/p/open-season-on-scientists,87,50620,,paywall
2023-02-14,https://trusttheevidence.substack.com/p/still-escaping-the-main-stream-media,https://trusttheevidence.substack.com/p/still-escaping-the-main-stream-media,35,12853,,paywall
2022-08-15,https://trusttheevidence.substack.com/p/the-mask-mire,https://trusttheevidence.substack.com/p/the-mask-mire,570,212,,paywall
2023-02-08,https://trusttheevidence.substack.com/p/why-observational-studies-shouldnt,https://trusttheevidence.substack.com/p/why-observational-studies-shouldnt,62,32157,,paywall
2023-02-07,https://vinayprasadmdmph.substack.com/p/public-health-is-not-like-medicine,https://vinayprasadmdmph.substack.com/p/public-health-is-not-like-medicine,56,56995,misleading,
2023-02-02,https://vinayprasadmdmph.substack.com/p/the-cochrane-review-on-masks-is-damning,https://vinayprasadmdmph.substack.com/p/the-cochrane-review-on-masks-is-damning,1344,421974,misleading,
2023-02-07,https://vinayprasadmdmph.substack.com/p/wide-confidence-intervals-means-an,https://vinayprasadmdmph.substack.com/p/wide-confidence-intervals-means-an,282,165370,misleading,
2023-01-31,https://viralimmunologist.substack.com/p/hot-off-the-press-masks-dont-work,https://viralimmunologist.substack.com/p/hot-off-the-press-masks-dont-work,112,13230,misleading,
2023-02-21,https://yourlocalepidemiologist.substack.com/p/do-masks-work,https://yourlocalepidemiologist.substack.com/p/do-masks-work,292,182455,nuanced_accurate,